TransitionState,Radical,Substrate,Scaffold,HATsite,Barrier
N1-A1a-H1,N1,A1a,A,H1,19.9
N1-A1b-H1,N1,A1b,A,H1,25.8
N1-A1c-H1,N1,A1c,A,H1,10.8
N1-A1d-H1,N1,A1d,A,H1,28.1
N1-A1e-H1,N1,A1e,A,H1,15
N1-A1f-H1,N1,A1f,A,H1,16.5
N1-A1h-H1,N1,A1h,A,H1,18
N1-A1i-H1,N1,A1i,A,H1,23.4
N1-A1j-H1,N1,A1j,A,H1,23.1
N1-A1k-H1,N1,A1k,A,H1,28.4
N1-A1l-H1,N1,A1l,A,H1,24.9
N1-A1m-H1,N1,A1m,A,H1,22.2
N1-A1n-H1,N1,A1n,A,H1,7.7
N1-B1a-H1,N1,B1a,B,H1,18.8
N1-B1a-H3,N1,B1a,B,H3,21.5
N1-B1b-H1,N1,B1b,B,H1,23.8
N1-B1b-H2,N1,B1b,B,H2,21.4
N1-B1b-H3,N1,B1b,B,H3,23.4
N1-B1c-H1,N1,B1c,B,H1,11.2
N1-B1c-H2,N1,B1c,B,H2,18.9
N1-B1c-H3,N1,B1c,B,H3,21.6
N1-B1d-H1,N1,B1d,B,H1,25.7
N1-B1d-H2,N1,B1d,B,H2,22.6
N1-B1d-H3,N1,B1d,B,H3,23
N1-B1e-H1,N1,B1e,B,H1,13.8
N1-B1e-H2,N1,B1e,B,H2,20.3
N1-B1e-H3,N1,B1e,B,H3,21.9
N1-B1f-H1,N1,B1f,B,H1,16.2
N1-B1f-H2,N1,B1f,B,H2,19.1
N1-B1f-H3,N1,B1f,B,H3,22.2
N1-B1h-H1,N1,B1h,B,H1,16
N1-B1h-H2,N1,B1h,B,H2,18.3
N1-B1h-H3,N1,B1h,B,H3,21.6
N1-B1j-H1,N1,B1j,B,H1,22.3
N1-B1j-H2,N1,B1j,B,H2,20.5
N1-B1j-H3,N1,B1j,B,H3,22.6
N1-B1k-H1,N1,B1k,B,H1,25.9
N1-B1k-H2,N1,B1k,B,H2,21.5
N1-B1k-H3,N1,B1k,B,H3,22.9
N1-B1l-H1,N1,B1l,B,H1,20.7
N1-B1l-H2,N1,B1l,B,H2,20.6
N1-B1l-H3,N1,B1l,B,H3,21.8
N1-B1m-H1,N1,B1m,B,H1,20.8
N1-B1m-H2,N1,B1m,B,H2,19.8
N1-B1m-H3,N1,B1m,B,H3,21
N1-B1n-H1,N1,B1n,B,H1,7.7
N1-B1n-H2,N1,B1n,B,H2,19.5
N1-B1n-H3,N1,B1n,B,H3,21.4
N1-B2a-H1,N1,B2a,B,H1,17.1
N1-B2a-H2,N1,B2a,B,H2,21.7
N1-B2b-H1,N1,B2b,B,H1,21.2
N1-B2b-H2,N1,B2b,B,H2,23.8
N1-B2c-H1,N1,B2c,B,H1,10.1
N1-B2c-H2,N1,B2c,B,H2,22.7
N1-B2d-H1,N1,B2d,B,H1,23.5
N1-B2d-H2,N1,B2d,B,H2,24.8
N1-B2e-H1,N1,B2e,B,H1,13.4
N1-B2e-H2,N1,B2e,B,H2,21.7
N1-B2f-H1,N1,B2f,B,H1,15.1
N1-B2f-H2,N1,B2f,B,H2,22.2
N1-B2h-H1,N1,B2h,B,H1,14.8
N1-B2h-H2,N1,B2h,B,H2,22.3
N1-B2j-H1,N1,B2j,B,H1,20
N1-B2j-H2,N1,B2j,B,H2,24.1
N1-B2k-H1,N1,B2k,B,H1,23.5
N1-B2k-H2,N1,B2k,B,H2,24.7
N1-B2l-H1,N1,B2l,B,H1,19.3
N1-B2l-H2,N1,B2l,B,H2,22
N1-B2m-H1,N1,B2m,B,H1,18.4
N1-B2m-H2,N1,B2m,B,H2,22.3
N1-B2n-H1,N1,B2n,B,H1,7.9
N1-B2n-H2,N1,B2n,B,H2,21.3
N1-C1a-H1,N1,C1a,C,H1,17.6
N1-C1b-H1,N1,C1b,C,H1,20.3
N1-C1c-H1,N1,C1c,C,H1,13
N1-C1d-H1,N1,C1d,C,H1,22.3
N1-C1e-H1,N1,C1e,C,H1,13.7
N1-C1f-H1,N1,C1f,C,H1,15.5
N1-C1h-H1,N1,C1h,C,H1,15.6
N1-C1i-H1,N1,C1i,C,H1,18.8
N1-C1j-H1,N1,C1j,C,H1,19.5
N1-C1k-H1,N1,C1k,C,H1,21.7
N1-C1l-H1,N1,C1l,C,H1,19.4
N1-C1m-H1,N1,C1m,C,H1,19.6
N1-C1n-H1,N1,C1n,C,H1,10.5
N1-D1a-H1,N1,D1a,D,H1,15.8
N1-D1b-H1,N1,D1b,D,H1,19.1
N1-D1c-H1,N1,D1c,D,H1,12
N1-D1d-H1,N1,D1d,D,H1,21.3
N1-D1e-H1,N1,D1e,D,H1,14.2
N1-D1f-H1,N1,D1f,D,H1,14
N1-D1h-H1,N1,D1h,D,H1,15.4
N1-D1j-H1,N1,D1j,D,H1,19.5
N1-D1k-H1,N1,D1k,D,H1,20.9
N1-D1l-H1,N1,D1l,D,H1,19.6
N1-D1m-H1,N1,D1m,D,H1,18.7
N1-D1n-H1,N1,D1n,D,H1,8.7
N1-E1a-H1,N1,E1a,E,H1,18.8
N1-E1b-H1,N1,E1b,E,H1,22.6
N1-E1c-H1,N1,E1c,E,H1,15.1
N1-E1d-H1,N1,E1d,E,H1,24.5
N1-E1e-H1,N1,E1e,E,H1,15.7
N1-E1f-H1,N1,E1f,E,H1,17.6
N1-E1h-H1,N1,E1h,E,H1,18
N1-E1i-H1,N1,E1i,E,H1,20.6
N1-E1j-H1,N1,E1j,E,H1,21.3
N1-E1k-H1,N1,E1k,E,H1,24.8
N1-E1l-H1,N1,E1l,E,H1,21.5
N1-E1m-H1,N1,E1m,E,H1,20.1
N1-E1n-H1,N1,E1n,E,H1,13.2
N1-F1a-H1,N1,F1a,F,H1,16.2
N1-F1b-H1,N1,F1b,F,H1,19.6
N1-F1c-H1,N1,F1c,F,H1,12.6
N1-F1d-H1,N1,F1d,F,H1,24.2
N1-F1e-H1,N1,F1e,F,H1,15.7
N1-F1f-H1,N1,F1f,F,H1,15.4
N1-F1h-H1,N1,F1h,F,H1,15.3
N1-F1j-H1,N1,F1j,F,H1,19.4
N1-F1k-H1,N1,F1k,F,H1,23.3
N1-F1l-H1,N1,F1l,F,H1,20.2
N1-F1m-H1,N1,F1m,F,H1,23.3
N1-F1n-H1,N1,F1n,F,H1,9.3
N1-G1a-H1,N1,G1a,G,H1,16.2
N1-G1b-H1,N1,G1b,G,H1,20.2
N1-G1c-H1,N1,G1c,G,H1,12.9
N1-G1d-H1,N1,G1d,G,H1,23.8
N1-G1e-H1,N1,G1e,G,H1,14.8
N1-G1f-H1,N1,G1f,G,H1,15.2
N1-G1h-H1,N1,G1h,G,H1,16.2
N1-G1i-H1,N1,G1i,G,H1,19.2
N1-G1j-H1,N1,G1j,G,H1,19.9
N1-G1k-H1,N1,G1k,G,H1,23.3
N1-G1l-H1,N1,G1l,G,H1,21.4
N1-G1m-H1,N1,G1m,G,H1,20.7
N1-G1n-H1,N1,G1n,G,H1,9.4
N1-H1a-H1,N1,H1a,H,H1,17.3
N1-H1b-H1,N1,H1b,H,H1,20.1
N1-H1c-H1,N1,H1c,H,H1,14.2
N1-H1d-H1,N1,H1d,H,H1,21.8
N1-H1e-H1,N1,H1e,H,H1,15.1
N1-H1f-H1,N1,H1f,H,H1,16.8
N1-H1h-H1,N1,H1h,H,H1,16.7
N1-H1j-H1,N1,H1j,H,H1,20.4
N1-H1k-H1,N1,H1k,H,H1,22.5
N1-H1l-H1,N1,H1l,H,H1,17.7
N1-H1m-H1,N1,H1m,H,H1,18.9
N1-H1n-H1,N1,H1n,H,H1,13.9
N1-I1a-H1,N1,I1a,I,H1,15.2
N1-I1b-H1,N1,I1b,I,H1,19.6
N1-I1c-H1,N1,I1c,I,H1,14.1
N1-I1d-H1,N1,I1d,I,H1,20.3
N1-I1e-H1,N1,I1e,I,H1,16.4
N1-I1f-H1,N1,I1f,I,H1,16.2
N1-I1h-H1,N1,I1h,I,H1,14.9
N1-I1j-H1,N1,I1j,I,H1,18.1
N1-I1k-H1,N1,I1k,I,H1,18.8
N1-I1l-H1,N1,I1l,I,H1,14.9
N1-I1m-H1,N1,I1m,I,H1,14.6
N1-I1n-H1,N1,I1n,I,H1,12.4
N1-J1a-H1,N1,J1a,J,H1,17.2
N1-J1b-H1,N1,J1b,J,H1,18.7
N1-J1c-H1,N1,J1c,J,H1,15.5
N1-J1d-H1,N1,J1d,J,H1,18.7
N1-J1e-H1,N1,J1e,J,H1,17.2
N1-J1f-H1,N1,J1f,J,H1,16.6
N1-J1h-H1,N1,J1h,J,H1,16.8
N1-J1i-H1,N1,J1i,J,H1,17.3
N1-J1j-H1,N1,J1j,J,H1,17.9
N1-J1k-H1,N1,J1k,J,H1,19.6
N1-J1l-H1,N1,J1l,J,H1,17.9
N1-J1m-H1,N1,J1m,J,H1,17.2
N1-J1n-H1,N1,J1n,J,H1,15.7
N1-SI1-H1,N1,SI1,I,H1,15.4
N1-SI2-H1,N1,SI2,I,H1,14
N1-SI3-H1,N1,SI3,I,H1,15
N2-A1a-H1,N2,A1a,A,H1,19.3
N2-A1b-H1,N2,A1b,A,H1,24.1
N2-A1c-H1,N2,A1c,A,H1,12.6
N2-A1d-H1,N2,A1d,A,H1,27.2
N2-A1e-H1,N2,A1e,A,H1,16.2
N2-A1f-H1,N2,A1f,A,H1,16
N2-A1h-H1,N2,A1h,A,H1,17
N2-A1i-H1,N2,A1i,A,H1,22.2
N2-A1j-H1,N2,A1j,A,H1,22.6
N2-A1k-H1,N2,A1k,A,H1,27.2
N2-A1l-H1,N2,A1l,A,H1,22.9
N2-A1m-H1,N2,A1m,A,H1,20.7
N2-A1n-H1,N2,A1n,A,H1,9.6
N2-B1a-H1,N2,B1a,B,H1,17.5
N2-B1a-H3,N2,B1a,B,H3,20.5
N2-B1b-H1,N2,B1b,B,H1,21.2
N2-B1b-H2,N2,B1b,B,H2,19.7
N2-B1b-H3,N2,B1b,B,H3,22.1
N2-B1c-H1,N2,B1c,B,H1,13
N2-B1c-H2,N2,B1c,B,H2,17.8
N2-B1c-H3,N2,B1c,B,H3,20.5
N2-B1d-H1,N2,B1d,B,H1,23.4
N2-B1d-H2,N2,B1d,B,H2,20.7
N2-B1d-H3,N2,B1d,B,H3,22.9
N2-B1e-H1,N2,B1e,B,H1,14.9
N2-B1e-H2,N2,B1e,B,H2,19.9
N2-B1e-H3,N2,B1e,B,H3,21.3
N2-B1f-H1,N2,B1f,B,H1,15.2
N2-B1f-H2,N2,B1f,B,H2,19
N2-B1f-H3,N2,B1f,B,H3,20.8
N2-B1h-H1,N2,B1h,B,H1,16
N2-B1h-H2,N2,B1h,B,H2,17.7
N2-B1h-H3,N2,B1h,B,H3,20
N2-B1j-H1,N2,B1j,B,H1,20.1
N2-B1j-H2,N2,B1j,B,H2,20.3
N2-B1j-H3,N2,B1j,B,H3,21.7
N2-B1k-H1,N2,B1k,B,H1,23.6
N2-B1k-H2,N2,B1k,B,H2,20.4
N2-B1k-H3,N2,B1k,B,H3,22.2
N2-B1l-H1,N2,B1l,B,H1,19.6
N2-B1l-H2,N2,B1l,B,H2,19.1
N2-B1l-H3,N2,B1l,B,H3,20.9
N2-B1m-H1,N2,B1m,B,H1,18.4
N2-B1m-H2,N2,B1m,B,H2,17.7
N2-B1m-H3,N2,B1m,B,H3,20.7
N2-B1n-H1,N2,B1n,B,H1,10.1
N2-B1n-H2,N2,B1n,B,H2,18.1
N2-B1n-H3,N2,B1n,B,H3,20.8
N2-B2a-H1,N2,B2a,B,H1,16
N2-B2a-H2,N2,B2a,B,H2,20.5
N2-B2b-H1,N2,B2b,B,H1,19.5
N2-B2b-H2,N2,B2b,B,H2,23
N2-B2c-H1,N2,B2c,B,H1,13.7
N2-B2c-H2,N2,B2c,B,H2,21.1
N2-B2d-H1,N2,B2d,B,H1,20.6
N2-B2d-H2,N2,B2d,B,H2,23.3
N2-B2e-H1,N2,B2e,B,H1,13.7
N2-B2e-H2,N2,B2e,B,H2,20.9
N2-B2f-H1,N2,B2f,B,H1,14.1
N2-B2f-H2,N2,B2f,B,H2,21.4
N2-B2h-H1,N2,B2h,B,H1,13.9
N2-B2h-H2,N2,B2h,B,H2,20.7
N2-B2j-H1,N2,B2j,B,H1,19
N2-B2j-H2,N2,B2j,B,H2,23.6
N2-B2k-H1,N2,B2k,B,H1,21.4
N2-B2k-H2,N2,B2k,B,H2,23.6
N2-B2l-H1,N2,B2l,B,H1,18.1
N2-B2l-H2,N2,B2l,B,H2,21.4
N2-B2m-H1,N2,B2m,B,H1,16.4
N2-B2m-H2,N2,B2m,B,H2,20.2
N2-B2n-H1,N2,B2n,B,H1,10.5
N2-B2n-H2,N2,B2n,B,H2,20.9
N2-C1a-H1,N2,C1a,C,H1,16.3
N2-C1b-H1,N2,C1b,C,H1,19.4
N2-C1c-H1,N2,C1c,C,H1,13.8
N2-C1d-H1,N2,C1d,C,H1,21.4
N2-C1e-H1,N2,C1e,C,H1,14.9
N2-C1f-H1,N2,C1f,C,H1,15.3
N2-C1h-H1,N2,C1h,C,H1,14.8
N2-C1i-H1,N2,C1i,C,H1,18.6
N2-C1j-H1,N2,C1j,C,H1,18.8
N2-C1k-H1,N2,C1k,C,H1,20.8
N2-C1l-H1,N2,C1l,C,H1,17.2
N2-C1m-H1,N2,C1m,C,H1,15.8
N2-C1n-H1,N2,C1n,C,H1,10.2
N2-D1a-H1,N2,D1a,D,H1,15.2
N2-D1b-H1,N2,D1b,D,H1,18.3
N2-D1c-H1,N2,D1c,D,H1,13.4
N2-D1d-H1,N2,D1d,D,H1,20.6
N2-D1e-H1,N2,D1e,D,H1,14.8
N2-D1f-H1,N2,D1f,D,H1,14.4
N2-D1h-H1,N2,D1h,D,H1,14.6
N2-D1j-H1,N2,D1j,D,H1,18.4
N2-D1k-H1,N2,D1k,D,H1,20.1
N2-D1l-H1,N2,D1l,D,H1,17.3
N2-D1m-H1,N2,D1m,D,H1,18
N2-D1n-H1,N2,D1n,D,H1,11
N2-E1a-H1,N2,E1a,E,H1,18.3
N2-E1b-H1,N2,E1b,E,H1,20.4
N2-E1c-H1,N2,E1c,E,H1,15.3
N2-E1d-H1,N2,E1d,E,H1,22.6
N2-E1e-H1,N2,E1e,E,H1,16.1
N2-E1f-H1,N2,E1f,E,H1,16.8
N2-E1h-H1,N2,E1h,E,H1,16.2
N2-E1i-H1,N2,E1i,E,H1,19.7
N2-E1j-H1,N2,E1j,E,H1,19.7
N2-E1k-H1,N2,E1k,E,H1,21.9
N2-E1l-H1,N2,E1l,E,H1,19
N2-E1m-H1,N2,E1m,E,H1,18
N2-E1n-H1,N2,E1n,E,H1,15.3
N2-F1a-H1,N2,F1a,F,H1,16.2
N2-F1b-H1,N2,F1b,F,H1,19.3
N2-F1c-H1,N2,F1c,F,H1,12.6
N2-F1d-H1,N2,F1d,F,H1,22.1
N2-F1e-H1,N2,F1e,F,H1,15.8
N2-F1f-H1,N2,F1f,F,H1,14.9
N2-F1h-H1,N2,F1h,F,H1,14.4
N2-F1j-H1,N2,F1j,F,H1,20.1
N2-F1k-H1,N2,F1k,F,H1,21.8
N2-F1l-H1,N2,F1l,F,H1,19.7
N2-F1m-H1,N2,F1m,F,H1,20.2
N2-F1n-H1,N2,F1n,F,H1,10.4
N2-G1a-H1,N2,G1a,G,H1,16.5
N2-G1b-H1,N2,G1b,G,H1,20.1
N2-G1c-H1,N2,G1c,G,H1,12.8
N2-G1d-H1,N2,G1d,G,H1,23.9
N2-G1e-H1,N2,G1e,G,H1,15.4
N2-G1f-H1,N2,G1f,G,H1,14.7
N2-G1h-H1,N2,G1h,G,H1,14.5
N2-G1i-H1,N2,G1i,G,H1,17.9
N2-G1j-H1,N2,G1j,G,H1,19.7
N2-G1k-H1,N2,G1k,G,H1,22.7
N2-G1l-H1,N2,G1l,G,H1,19.2
N2-G1m-H1,N2,G1m,G,H1,19.7
N2-G1n-H1,N2,G1n,G,H1,9.1
N2-H1a-H1,N2,H1a,H,H1,16.8
N2-H1b-H1,N2,H1b,H,H1,19.4
N2-H1c-H1,N2,H1c,H,H1,13.8
N2-H1d-H1,N2,H1d,H,H1,20.9
N2-H1e-H1,N2,H1e,H,H1,15.5
N2-H1f-H1,N2,H1f,H,H1,16
N2-H1h-H1,N2,H1h,H,H1,16
N2-H1j-H1,N2,H1j,H,H1,19.1
N2-H1k-H1,N2,H1k,H,H1,20.5
N2-H1l-H1,N2,H1l,H,H1,18.8
N2-H1m-H1,N2,H1m,H,H1,16.5
N2-H1n-H1,N2,H1n,H,H1,14.7
N2-I1a-H1,N2,I1a,I,H1,14.2
N2-I1b-H1,N2,I1b,I,H1,17.7
N2-I1c-H1,N2,I1c,I,H1,13.3
N2-I1d-H1,N2,I1d,I,H1,18.4
N2-I1e-H1,N2,I1e,I,H1,15.3
N2-I1f-H1,N2,I1f,I,H1,15
N2-I1h-H1,N2,I1h,I,H1,13.2
N2-I1j-H1,N2,I1j,I,H1,16.5
N2-I1k-H1,N2,I1k,I,H1,16.6
N2-I1l-H1,N2,I1l,I,H1,14.6
N2-I1m-H1,N2,I1m,I,H1,13.9
N2-I1n-H1,N2,I1n,I,H1,13.8
N2-J1a-H1,N2,J1a,J,H1,16.5
N2-J1b-H1,N2,J1b,J,H1,17.4
N2-J1c-H1,N2,J1c,J,H1,14.9
N2-J1d-H1,N2,J1d,J,H1,17.2
N2-J1e-H1,N2,J1e,J,H1,16.1
N2-J1f-H1,N2,J1f,J,H1,15.3
N2-J1h-H1,N2,J1h,J,H1,15.8
N2-J1i-H1,N2,J1i,J,H1,16
N2-J1j-H1,N2,J1j,J,H1,16.7
N2-J1k-H1,N2,J1k,J,H1,18.1
N2-J1l-H1,N2,J1l,J,H1,16.5
N2-J1m-H1,N2,J1m,J,H1,16.3
N2-J1n-H1,N2,J1n,J,H1,14.7
N2-SI1-H1,N2,SI1,I,H1,14
N2-SI2-H1,N2,SI2,I,H1,13.7
N2-SI3-H1,N2,SI3,I,H1,14.8
N3-A1a-H1,N3,A1a,A,H1,14.6
N3-A1b-H1,N3,A1b,A,H1,19.7
N3-A1c-H1,N3,A1c,A,H1,10.9
N3-A1d-H1,N3,A1d,A,H1,20.9
N3-A1e-H1,N3,A1e,A,H1,13.1
N3-A1f-H1,N3,A1f,A,H1,11.8
N3-A1h-H1,N3,A1h,A,H1,13.4
N3-A1i-H1,N3,A1i,A,H1,16.2
N3-A1j-H1,N3,A1j,A,H1,17.4
N3-A1k-H1,N3,A1k,A,H1,22.2
N3-A1l-H1,N3,A1l,A,H1,17.8
N3-A1m-H1,N3,A1m,A,H1,18.5
N3-A1n-H1,N3,A1n,A,H1,8.9
N3-B1a-H1,N3,B1a,B,H1,16.9
N3-B1a-H3,N3,B1a,B,H3,16.1
N3-B1b-H1,N3,B1b,B,H1,20.4
N3-B1b-H2,N3,B1b,B,H2,19.3
N3-B1b-H3,N3,B1b,B,H3,17.1
N3-B1c-H1,N3,B1c,B,H1,11.2
N3-B1c-H2,N3,B1c,B,H2,17.7
N3-B1c-H3,N3,B1c,B,H3,16.3
N3-B1d-H1,N3,B1d,B,H1,22
N3-B1d-H2,N3,B1d,B,H2,19.1
N3-B1d-H3,N3,B1d,B,H3,17.9
N3-B1e-H1,N3,B1e,B,H1,15
N3-B1e-H2,N3,B1e,B,H2,18.9
N3-B1e-H3,N3,B1e,B,H3,16.3
N3-B1f-H1,N3,B1f,B,H1,14.4
N3-B1f-H2,N3,B1f,B,H2,17.5
N3-B1f-H3,N3,B1f,B,H3,16.5
N3-B1h-H1,N3,B1h,B,H1,13.6
N3-B1h-H2,N3,B1h,B,H2,17.6
N3-B1h-H3,N3,B1h,B,H3,16.5
N3-B1j-H1,N3,B1j,B,H1,19.9
N3-B1j-H2,N3,B1j,B,H2,19.7
N3-B1j-H3,N3,B1j,B,H3,16.9
N3-B1k-H1,N3,B1k,B,H1,22
N3-B1k-H2,N3,B1k,B,H2,19.2
N3-B1k-H3,N3,B1k,B,H3,17.2
N3-B1l-H1,N3,B1l,B,H1,19.7
N3-B1l-H2,N3,B1l,B,H2,17.6
N3-B1l-H3,N3,B1l,B,H3,16.6
N3-B1m-H1,N3,B1m,B,H1,21.4
N3-B1m-H2,N3,B1m,B,H2,17.2
N3-B1m-H3,N3,B1m,B,H3,16.1
N3-B1n-H1,N3,B1n,B,H1,9.3
N3-B1n-H2,N3,B1n,B,H2,16.9
N3-B1n-H3,N3,B1n,B,H3,16.3
N3-B2a-H1,N3,B2a,B,H1,16
N3-B2a-H2,N3,B2a,B,H2,17.4
N3-B2b-H1,N3,B2b,B,H1,19.3
N3-B2b-H2,N3,B2b,B,H2,18.9
N3-B2c-H1,N3,B2c,B,H1,10.8
N3-B2c-H2,N3,B2c,B,H2,17.2
N3-B2d-H1,N3,B2d,B,H1,21.5
N3-B2d-H2,N3,B2d,B,H2,19.2
N3-B2e-H1,N3,B2e,B,H1,16.6
N3-B2e-H2,N3,B2e,B,H2,16.1
N3-B2f-H1,N3,B2f,B,H1,14.1
N3-B2f-H2,N3,B2f,B,H2,16.9
N3-B2h-H1,N3,B2h,B,H1,13.6
N3-B2h-H2,N3,B2h,B,H2,17.7
N3-B2j-H1,N3,B2j,B,H1,19
N3-B2j-H2,N3,B2j,B,H2,18.9
N3-B2k-H1,N3,B2k,B,H1,24.3
N3-B2k-H2,N3,B2k,B,H2,18.8
N3-B2l-H1,N3,B2l,B,H1,18.3
N3-B2l-H2,N3,B2l,B,H2,17.3
N3-B2m-H1,N3,B2m,B,H1,23.4
N3-B2m-H2,N3,B2m,B,H2,16.6
N3-B2n-H1,N3,B2n,B,H1,9.4
N3-B2n-H2,N3,B2n,B,H2,17.9
N3-C1a-H1,N3,C1a,C,H1,14.2
N3-C1b-H1,N3,C1b,C,H1,16
N3-C1c-H1,N3,C1c,C,H1,12.6
N3-C1d-H1,N3,C1d,C,H1,18.7
N3-C1e-H1,N3,C1e,C,H1,13.9
N3-C1f-H1,N3,C1f,C,H1,13.2
N3-C1h-H1,N3,C1h,C,H1,15
N3-C1i-H1,N3,C1i,C,H1,14.6
N3-C1j-H1,N3,C1j,C,H1,16
N3-C1k-H1,N3,C1k,C,H1,20
N3-C1l-H1,N3,C1l,C,H1,17
N3-C1m-H1,N3,C1m,C,H1,18.2
N3-C1n-H1,N3,C1n,C,H1,10.6
N3-D1a-H1,N3,D1a,D,H1,15.8
N3-D1b-H1,N3,D1b,D,H1,18.2
N3-D1c-H1,N3,D1c,D,H1,12.1
N3-D1d-H1,N3,D1d,D,H1,20.1
N3-D1e-H1,N3,D1e,D,H1,17.2
N3-D1f-H1,N3,D1f,D,H1,15.7
N3-D1h-H1,N3,D1h,D,H1,13.2
N3-D1j-H1,N3,D1j,D,H1,18
N3-D1k-H1,N3,D1k,D,H1,21.3
N3-D1l-H1,N3,D1l,D,H1,17.4
N3-D1m-H1,N3,D1m,D,H1,23.2
N3-D1n-H1,N3,D1n,D,H1,13
N3-E1a-H1,N3,E1a,E,H1,15.8
N3-E1b-H1,N3,E1b,E,H1,17.2
N3-E1c-H1,N3,E1c,E,H1,14
N3-E1d-H1,N3,E1d,E,H1,20
N3-E1e-H1,N3,E1e,E,H1,15.1
N3-E1f-H1,N3,E1f,E,H1,14.8
N3-E1h-H1,N3,E1h,E,H1,14.2
N3-E1i-H1,N3,E1i,E,H1,15.8
N3-E1j-H1,N3,E1j,E,H1,17.3
N3-E1k-H1,N3,E1k,E,H1,20.7
N3-E1l-H1,N3,E1l,E,H1,18
N3-E1m-H1,N3,E1m,E,H1,19.1
N3-E1n-H1,N3,E1n,E,H1,13.4
N3-F1a-H1,N3,F1a,F,H1,18
N3-F1b-H1,N3,F1b,F,H1,20
N3-F1c-H1,N3,F1c,F,H1,13.8
N3-F1d-H1,N3,F1d,F,H1,23.9
N3-F1e-H1,N3,F1e,F,H1,18.9
N3-F1f-H1,N3,F1f,F,H1,16.9
N3-F1h-H1,N3,F1h,F,H1,15.9
N3-F1j-H1,N3,F1j,F,H1,20.7
N3-F1k-H1,N3,F1k,F,H1,25.3
N3-F1l-H1,N3,F1l,F,H1,20.7
N3-F1m-H1,N3,F1m,F,H1,28.8
N3-F1n-H1,N3,F1n,F,H1,12.1
N3-G1a-H1,N3,G1a,G,H1,15.7
N3-G1b-H1,N3,G1b,G,H1,18.1
N3-G1c-H1,N3,G1c,G,H1,12.8
N3-G1d-H1,N3,G1d,G,H1,21.9
N3-G1e-H1,N3,G1e,G,H1,15.4
N3-G1f-H1,N3,G1f,G,H1,13.7
N3-G1h-H1,N3,G1h,G,H1,13.8
N3-G1i-H1,N3,G1i,G,H1,15.7
N3-G1j-H1,N3,G1j,G,H1,18.4
N3-G1k-H1,N3,G1k,G,H1,22.2
N3-G1l-H1,N3,G1l,G,H1,19.7
N3-G1m-H1,N3,G1m,G,H1,22.4
N3-G1n-H1,N3,G1n,G,H1,11.6
N3-H1a-H1,N3,H1a,H,H1,17.3
N3-H1b-H1,N3,H1b,H,H1,18.6
N3-H1c-H1,N3,H1c,H,H1,12.9
N3-H1d-H1,N3,H1d,H,H1,20.3
N3-H1e-H1,N3,H1e,H,H1,17.1
N3-H1f-H1,N3,H1f,H,H1,15.5
N3-H1h-H1,N3,H1h,H,H1,15.7
N3-H1j-H1,N3,H1j,H,H1,18.7
N3-H1k-H1,N3,H1k,H,H1,22.1
N3-H1l-H1,N3,H1l,H,H1,18.1
N3-H1m-H1,N3,H1m,H,H1,23.9
N3-H1n-H1,N3,H1n,H,H1,14.2
N3-I1a-H1,N3,I1a,I,H1,11.9
N3-I1b-H1,N3,I1b,I,H1,14.6
N3-I1c-H1,N3,I1c,I,H1,11
N3-I1d-H1,N3,I1d,I,H1,14.6
N3-I1e-H1,N3,I1e,I,H1,12.5
N3-I1f-H1,N3,I1f,I,H1,12.4
N3-I1h-H1,N3,I1h,I,H1,10.6
N3-I1j-H1,N3,I1j,I,H1,13.5
N3-I1k-H1,N3,I1k,I,H1,13.3
N3-I1l-H1,N3,I1l,I,H1,11.9
N3-I1m-H1,N3,I1m,I,H1,12.6
N3-I1n-H1,N3,I1n,I,H1,12.6
N3-J1a-H1,N3,J1a,J,H1,13.2
N3-J1b-H1,N3,J1b,J,H1,14
N3-J1c-H1,N3,J1c,J,H1,12.1
N3-J1d-H1,N3,J1d,J,H1,13.9
N3-J1e-H1,N3,J1e,J,H1,13.2
N3-J1f-H1,N3,J1f,J,H1,12.7
N3-J1h-H1,N3,J1h,J,H1,12.8
N3-J1i-H1,N3,J1i,J,H1,13.5
N3-J1j-H1,N3,J1j,J,H1,13.4
N3-J1k-H1,N3,J1k,J,H1,15.2
N3-J1l-H1,N3,J1l,J,H1,13.5
N3-J1m-H1,N3,J1m,J,H1,13.6
N3-J1n-H1,N3,J1n,J,H1,12.4
N3-SI1-H1,N3,SI1,I,H1,11.6
N3-SI2-H1,N3,SI2,I,H1,11.2
N3-SI3-H1,N3,SI3,I,H1,12.7
N4-A1a-H1,N4,A1a,A,H1,17.3
N4-A1b-H1,N4,A1b,A,H1,21.5
N4-A1c-H1,N4,A1c,A,H1,12
N4-A1d-H1,N4,A1d,A,H1,23.2
N4-A1e-H1,N4,A1e,A,H1,14.5
N4-A1f-H1,N4,A1f,A,H1,14.2
N4-A1h-H1,N4,A1h,A,H1,15
N4-A1i-H1,N4,A1i,A,H1,19.9
N4-A1j-H1,N4,A1j,A,H1,20.2
N4-A1k-H1,N4,A1k,A,H1,24.4
N4-A1l-H1,N4,A1l,A,H1,20.2
N4-A1m-H1,N4,A1m,A,H1,19.8
N4-A1n-H1,N4,A1n,A,H1,10.4
N4-B1a-H1,N4,B1a,B,H1,15.5
N4-B1a-H3,N4,B1a,B,H3,18.6
N4-B1b-H1,N4,B1b,B,H1,19.5
N4-B1b-H2,N4,B1b,B,H2,18.1
N4-B1b-H3,N4,B1b,B,H3,19.7
N4-B1c-H1,N4,B1c,B,H1,11.6
N4-B1c-H2,N4,B1c,B,H2,16.1
N4-B1c-H3,N4,B1c,B,H3,18.6
N4-B1d-H1,N4,B1d,B,H1,21.5
N4-B1d-H2,N4,B1d,B,H2,18.9
N4-B1d-H3,N4,B1d,B,H3,20.4
N4-B1e-H1,N4,B1e,B,H1,13.4
N4-B1e-H2,N4,B1e,B,H2,17
N4-B1e-H3,N4,B1e,B,H3,19.1
N4-B1f-H1,N4,B1f,B,H1,13.3
N4-B1f-H2,N4,B1f,B,H2,17.2
N4-B1f-H3,N4,B1f,B,H3,19
N4-B1g-H1,N4,B1g,B,H1,17.5
N4-B1g-H2,N4,B1g,B,H2,18.4
N4-B1g-H3,N4,B1g,B,H3,19
N4-B1h-H1,N4,B1h,B,H1,14
N4-B1h-H2,N4,B1h,B,H2,16.2
N4-B1h-H3,N4,B1h,B,H3,18.7
N4-B1j-H1,N4,B1j,B,H1,18.2
N4-B1j-H2,N4,B1j,B,H2,17.5
N4-B1j-H3,N4,B1j,B,H3,19.4
N4-B1k-H1,N4,B1k,B,H1,21
N4-B1k-H2,N4,B1k,B,H2,18.4
N4-B1k-H3,N4,B1k,B,H3,19.6
N4-B1l-H1,N4,B1l,B,H1,17.5
N4-B1l-H2,N4,B1l,B,H2,17.5
N4-B1l-H3,N4,B1l,B,H3,18.5
N4-B1m-H1,N4,B1m,B,H1,17.5
N4-B1m-H2,N4,B1m,B,H2,16.6
N4-B1m-H3,N4,B1m,B,H3,18.9
N4-B1n-H1,N4,B1n,B,H1,9.9
N4-B1n-H2,N4,B1n,B,H2,15.3
N4-B1n-H3,N4,B1n,B,H3,19.2
N4-B2a-H1,N4,B2a,B,H1,15.2
N4-B2a-H2,N4,B2a,B,H2,18.8
N4-B2b-H1,N4,B2b,B,H1,18.2
N4-B2b-H2,N4,B2b,B,H2,21.5
N4-B2c-H1,N4,B2c,B,H1,9.9
N4-B2c-H2,N4,B2c,B,H2,19.8
N4-B2d-H1,N4,B2d,B,H1,19.9
N4-B2d-H2,N4,B2d,B,H2,21.7
N4-B2e-H1,N4,B2e,B,H1,13.5
N4-B2e-H2,N4,B2e,B,H2,19.6
N4-B2f-H1,N4,B2f,B,H1,13.1
N4-B2f-H2,N4,B2f,B,H2,19.8
N4-B2g-H2,N4,B2g,B,H2,21.5
N4-B2h-H1,N4,B2h,B,H1,13.1
N4-B2h-H2,N4,B2h,B,H2,19.6
N4-B2j-H1,N4,B2j,B,H1,18
N4-B2j-H2,N4,B2j,B,H2,20.3
N4-B2k-H1,N4,B2k,B,H1,19.9
N4-B2k-H2,N4,B2k,B,H2,20.9
N4-B2l-H1,N4,B2l,B,H1,16.1
N4-B2l-H2,N4,B2l,B,H2,19.2
N4-B2m-H1,N4,B2m,B,H1,17.2
N4-B2m-H2,N4,B2m,B,H2,19.2
N4-B2n-H1,N4,B2n,B,H1,10.2
N4-B2n-H2,N4,B2n,B,H2,19
N4-C1a-H1,N4,C1a,C,H1,15.1
N4-C1b-H1,N4,C1b,C,H1,17
N4-C1c-H1,N4,C1c,C,H1,13.3
N4-C1d-H1,N4,C1d,C,H1,18.5
N4-C1e-H1,N4,C1e,C,H1,13.4
N4-C1f-H1,N4,C1f,C,H1,13.1
N4-C1g-H1,N4,C1g,C,H1,16.5
N4-C1h-H1,N4,C1h,C,H1,14.2
N4-C1i-H1,N4,C1i,C,H1,16.4
N4-C1j-H1,N4,C1j,C,H1,16.9
N4-C1k-H1,N4,C1k,C,H1,18.9
N4-C1l-H1,N4,C1l,C,H1,15.7
N4-C1m-H1,N4,C1m,C,H1,16.1
N4-C1n-H1,N4,C1n,C,H1,11.8
N4-D1a-H1,N4,D1a,D,H1,14.7
N4-D1b-H1,N4,D1b,D,H1,16.6
N4-D1c-H1,N4,D1c,D,H1,12.5
N4-D1d-H1,N4,D1d,D,H1,18.4
N4-D1e-H1,N4,D1e,D,H1,14.7
N4-D1f-H1,N4,D1f,D,H1,12.4
N4-D1h-H1,N4,D1h,D,H1,13.9
N4-D1j-H1,N4,D1j,D,H1,16.6
N4-D1k-H1,N4,D1k,D,H1,19.5
N4-D1l-H1,N4,D1l,D,H1,17.9
N4-D1m-H1,N4,D1m,D,H1,16.6
N4-D1n-H1,N4,D1n,D,H1,12
N4-E1a-H1,N4,E1a,E,H1,16.8
N4-E1b-H1,N4,E1b,E,H1,18.1
N4-E1c-H1,N4,E1c,E,H1,14.3
N4-E1d-H1,N4,E1d,E,H1,19.5
N4-E1e-H1,N4,E1e,E,H1,14.2
N4-E1f-H1,N4,E1f,E,H1,14.7
N4-E1g-H1,N4,E1g,E,H1,15.8
N4-E1h-H1,N4,E1h,E,H1,14.5
N4-E1i-H1,N4,E1i,E,H1,17.8
N4-E1j-H1,N4,E1j,E,H1,17.4
N4-E1k-H1,N4,E1k,E,H1,20.1
N4-E1l-H1,N4,E1l,E,H1,17.4
N4-E1m-H1,N4,E1m,E,H1,17.5
N4-E1n-H1,N4,E1n,E,H1,13.7
N4-F1a-H1,N4,F1a,F,H1,15.6
N4-F1b-H1,N4,F1b,F,H1,17.3
N4-F1c-H1,N4,F1c,F,H1,13.3
N4-F1d-H1,N4,F1d,F,H1,20.3
N4-F1e-H1,N4,F1e,F,H1,15.5
N4-F1f-H1,N4,F1f,F,H1,14.1
N4-F1h-H1,N4,F1h,F,H1,14.2
N4-F1j-H1,N4,F1j,F,H1,17.7
N4-F1k-H1,N4,F1k,F,H1,20.5
N4-F1l-H1,N4,F1l,F,H1,18.1
N4-F1m-H1,N4,F1m,F,H1,21.4
N4-F1n-H1,N4,F1n,F,H1,12
N4-G1a-H1,N4,G1a,G,H1,15
N4-G1b-H1,N4,G1b,G,H1,18
N4-G1c-H1,N4,G1c,G,H1,12.5
N4-G1d-H1,N4,G1d,G,H1,21.6
N4-G1e-H1,N4,G1e,G,H1,15.3
N4-G1f-H1,N4,G1f,G,H1,13.7
N4-G1g-H1,N4,G1g,G,H1,14.6
N4-G1h-H1,N4,G1h,G,H1,13.8
N4-G1i-H1,N4,G1i,G,H1,17.2
N4-G1j-H1,N4,G1j,G,H1,17.1
N4-G1k-H1,N4,G1k,G,H1,20.9
N4-G1l-H1,N4,G1l,G,H1,17.6
N4-G1m-H1,N4,G1m,G,H1,19.3
N4-G1n-H1,N4,G1n,G,H1,12.2
N4-H1a-H1,N4,H1a,H,H1,15.7
N4-H1b-H1,N4,H1b,H,H1,17.3
N4-H1c-H1,N4,H1c,H,H1,13.1
N4-H1d-H1,N4,H1d,H,H1,18.6
N4-H1e-H1,N4,H1e,H,H1,13.8
N4-H1f-H1,N4,H1f,H,H1,14.2
N4-H1h-H1,N4,H1h,H,H1,14.9
N4-H1j-H1,N4,H1j,H,H1,17.3
N4-H1k-H1,N4,H1k,H,H1,19.1
N4-H1l-H1,N4,H1l,H,H1,17.5
N4-H1m-H1,N4,H1m,H,H1,16.9
N4-H1n-H1,N4,H1n,H,H1,14.6
N4-I1a-H1,N4,I1a,I,H1,13.1
N4-I1b-H1,N4,I1b,I,H1,16.1
N4-I1c-H1,N4,I1c,I,H1,12.1
N4-I1d-H1,N4,I1d,I,H1,16.3
N4-I1e-H1,N4,I1e,I,H1,14.1
N4-I1f-H1,N4,I1f,I,H1,13
N4-I1h-H1,N4,I1h,I,H1,12.5
N4-I1j-H1,N4,I1j,I,H1,15.1
N4-I1k-H1,N4,I1k,I,H1,15.2
N4-I1l-H1,N4,I1l,I,H1,13.1
N4-I1m-H1,N4,I1m,I,H1,13.4
N4-I1n-H1,N4,I1n,I,H1,12.4
N4-J1a-H1,N4,J1a,J,H1,15.2
N4-J1b-H1,N4,J1b,J,H1,15.6
N4-J1c-H1,N4,J1c,J,H1,14.2
N4-J1d-H1,N4,J1d,J,H1,15.7
N4-J1e-H1,N4,J1e,J,H1,15.1
N4-J1f-H1,N4,J1f,J,H1,14.7
N4-J1h-H1,N4,J1h,J,H1,14.5
N4-J1i-H1,N4,J1i,J,H1,14.7
N4-J1j-H1,N4,J1j,J,H1,15
N4-J1k-H1,N4,J1k,J,H1,16.5
N4-J1l-H1,N4,J1l,J,H1,15.1
N4-J1m-H1,N4,J1m,J,H1,14.9
N4-J1n-H1,N4,J1n,J,H1,14.5
N4-SI1-H1,N4,SI1,I,H1,12.8
N4-SI2-H1,N4,SI2,I,H1,13.5
N4-SI3-H1,N4,SI3,I,H1,13.3
N5-A1a-H1,N5,A1a,A,H1,17.6
N5-A1b-H1,N5,A1b,A,H1,25.7
N5-A1d-H1,N5,A1d,A,H1,30.3
N5-A1e-H1,N5,A1e,A,H1,12.6
N5-A1f-H1,N5,A1f,A,H1,14.4
N5-A1h-H1,N5,A1h,A,H1,15.1
N5-A1i-H1,N5,A1i,A,H1,20.7
N5-A1j-H1,N5,A1j,A,H1,20.9
N5-A1k-H1,N5,A1k,A,H1,28.3
N5-A1l-H1,N5,A1l,A,H1,24.2
N5-A1m-H1,N5,A1m,A,H1,20
N5-B1a-H1,N5,B1a,B,H1,16.3
N5-B1a-H3,N5,B1a,B,H3,18.4
N5-B1b-H1,N5,B1b,B,H1,23.1
N5-B1b-H2,N5,B1b,B,H2,19.9
N5-B1b-H3,N5,B1b,B,H3,20.3
N5-B1c-H2,N5,B1c,B,H2,17.7
N5-B1c-H3,N5,B1c,B,H3,20.3
N5-B1d-H1,N5,B1d,B,H1,26.9
N5-B1d-H2,N5,B1d,B,H2,22
N5-B1d-H3,N5,B1d,B,H3,20.8
N5-B1e-H1,N5,B1e,B,H1,12.2
N5-B1e-H2,N5,B1e,B,H2,18
N5-B1e-H3,N5,B1e,B,H3,19.3
N5-B1f-H1,N5,B1f,B,H1,14.7
N5-B1f-H2,N5,B1f,B,H2,17.1
N5-B1f-H3,N5,B1f,B,H3,19.2
N5-B1g-H2,N5,B1g,B,H2,19.4
N5-B1g-H3,N5,B1g,B,H3,21
N5-B1h-H1,N5,B1h,B,H1,13.9
N5-B1h-H2,N5,B1h,B,H2,17.5
N5-B1h-H3,N5,B1h,B,H3,19.3
N5-B1j-H1,N5,B1j,B,H1,19.7
N5-B1j-H2,N5,B1j,B,H2,18.3
N5-B1j-H3,N5,B1j,B,H3,19.6
N5-B1k-H1,N5,B1k,B,H1,25.8
N5-B1k-H2,N5,B1k,B,H2,20.5
N5-B1k-H3,N5,B1k,B,H3,20.3
N5-B1l-H1,N5,B1l,B,H1,21.6
N5-B1l-H2,N5,B1l,B,H2,18.5
N5-B1l-H3,N5,B1l,B,H3,19.4
N5-B1m-H1,N5,B1m,B,H1,19.5
N5-B1m-H2,N5,B1m,B,H2,17.2
N5-B1m-H3,N5,B1m,B,H3,18.5
N5-B1n-H2,N5,B1n,B,H2,17.5
N5-B1n-H3,N5,B1n,B,H3,19.9
N5-B2a-H1,N5,B2a,B,H1,12.7
N5-B2a-H2,N5,B2a,B,H2,19.2
N5-B2b-H1,N5,B2b,B,H1,18.8
N5-B2b-H2,N5,B2b,B,H2,23.9
N5-B2c-H2,N5,B2c,B,H2,20.7
N5-B2d-H1,N5,B2d,B,H1,22.8
N5-B2d-H2,N5,B2d,B,H2,24.8
N5-B2e-H1,N5,B2e,B,H1,11.1
N5-B2e-H2,N5,B2e,B,H2,19.2
N5-B2f-H2,N5,B2f,B,H2,21.5
N5-B2g-H2,N5,B2g,B,H2,23.4
N5-B2h-H1,N5,B2h,B,H1,13.5
N5-B2h-H2,N5,B2h,B,H2,21
N5-B2j-H1,N5,B2j,B,H1,17.2
N5-B2j-H2,N5,B2j,B,H2,22.5
N5-B2k-H1,N5,B2k,B,H1,21.4
N5-B2k-H2,N5,B2k,B,H2,23.7
N5-B2l-H1,N5,B2l,B,H1,17.7
N5-B2l-H2,N5,B2l,B,H2,21.1
N5-B2m-H1,N5,B2m,B,H1,15.4
N5-B2m-H2,N5,B2m,B,H2,19.5
N5-B2n-H2,N5,B2n,B,H2,19.8
N5-C1a-H1,N5,C1a,C,H1,15.8
N5-C1b-H1,N5,C1b,C,H1,19.8
N5-C1d-H1,N5,C1d,C,H1,22.8
N5-C1e-H1,N5,C1e,C,H1,14.8
N5-C1g-H1,N5,C1g,C,H1,16.6
N5-C1h-H1,N5,C1h,C,H1,14.8
N5-C1i-H1,N5,C1i,C,H1,16.7
N5-C1j-H1,N5,C1j,C,H1,18.1
N5-C1k-H1,N5,C1k,C,H1,21.4
N5-C1l-H1,N5,C1l,C,H1,18.3
N5-C1m-H1,N5,C1m,C,H1,15.8
N5-D1a-H1,N5,D1a,D,H1,14.9
N5-D1b-H1,N5,D1b,D,H1,18.5
N5-D1d-H1,N5,D1d,D,H1,20.9
N5-D1e-H1,N5,D1e,D,H1,15.9
N5-D1f-H1,N5,D1f,D,H1,11.2
N5-D1h-H1,N5,D1h,D,H1,14.5
N5-D1j-H1,N5,D1j,D,H1,17.5
N5-D1k-H1,N5,D1k,D,H1,19.6
N5-D1l-H1,N5,D1l,D,H1,16.9
N5-D1m-H1,N5,D1m,D,H1,15.6
N5-D1n-H1,N5,D1n,D,H1,5.8
N5-E1a-H1,N5,E1a,E,H1,17.4
N5-E1b-H1,N5,E1b,E,H1,21.8
N5-E1c-H1,N5,E1c,E,H1,14.2
N5-E1d-H1,N5,E1d,E,H1,25.2
N5-E1e-H1,N5,E1e,E,H1,15.6
N5-E1f-H1,N5,E1f,E,H1,17.1
N5-E1g-H1,N5,E1g,E,H1,15.4
N5-E1h-H1,N5,E1h,E,H1,16.3
N5-E1i-H1,N5,E1i,E,H1,19.9
N5-E1j-H1,N5,E1j,E,H1,20.2
N5-E1k-H1,N5,E1k,E,H1,24.5
N5-E1l-H1,N5,E1l,E,H1,20.9
N5-E1m-H1,N5,E1m,E,H1,19.1
N5-F1a-H1,N5,F1a,F,H1,16.1
N5-F1b-H1,N5,F1b,F,H1,19.6
N5-F1d-H1,N5,F1d,F,H1,22.6
N5-F1e-H1,N5,F1e,F,H1,15.1
N5-F1f-H1,N5,F1f,F,H1,11.5
N5-F1h-H1,N5,F1h,F,H1,15.7
N5-F1j-H1,N5,F1j,F,H1,18.7
N5-F1k-H1,N5,F1k,F,H1,23
N5-F1l-H1,N5,F1l,F,H1,18
N5-F1m-H1,N5,F1m,F,H1,19.1
N5-G1a-H1,N5,G1a,G,H1,15.7
N5-G1b-H1,N5,G1b,G,H1,20.7
N5-G1d-H1,N5,G1d,G,H1,25.1
N5-G1f-H1,N5,G1f,G,H1,11.6
N5-G1g-H1,N5,G1g,G,H1,17.8
N5-G1h-H1,N5,G1h,G,H1,14.9
N5-G1i-H1,N5,G1i,G,H1,18
N5-G1j-H1,N5,G1j,G,H1,19.2
N5-G1k-H1,N5,G1k,G,H1,23.9
N5-G1l-H1,N5,G1l,G,H1,20.3
N5-G1m-H1,N5,G1m,G,H1,19.4
N5-H1a-H1,N5,H1a,H,H1,16.1
N5-H1b-H1,N5,H1b,H,H1,19.8
N5-H1d-H1,N5,H1d,H,H1,22.6
N5-H1e-H1,N5,H1e,H,H1,16.3
N5-H1h-H1,N5,H1h,H,H1,16.6
N5-H1j-H1,N5,H1j,H,H1,18.4
N5-H1k-H1,N5,H1k,H,H1,21.8
N5-H1l-H1,N5,H1l,H,H1,18.3
N5-H1m-H1,N5,H1m,H,H1,17.3
N5-I1a-H1,N5,I1a,I,H1,13.5
N5-I1b-H1,N5,I1b,I,H1,18.1
N5-I1c-H1,N5,I1c,I,H1,13.7
N5-I1d-H1,N5,I1d,I,H1,18.9
N5-I1e-H1,N5,I1e,I,H1,13.7
N5-I1f-H1,N5,I1f,I,H1,14.4
N5-I1h-H1,N5,I1h,I,H1,13.5
N5-I1j-H1,N5,I1j,I,H1,15.9
N5-I1k-H1,N5,I1k,I,H1,17.1
N5-I1l-H1,N5,I1l,I,H1,13.7
N5-I1m-H1,N5,I1m,I,H1,14.7
N5-I1n-H1,N5,I1n,I,H1,7.7
N5-J1a-H1,N5,J1a,J,H1,15.6
N5-J1b-H1,N5,J1b,J,H1,17.5
N5-J1c-H1,N5,J1c,J,H1,15.6
N5-J1d-H1,N5,J1d,J,H1,17.4
N5-J1e-H1,N5,J1e,J,H1,16.3
N5-J1f-H1,N5,J1f,J,H1,16
N5-J1h-H1,N5,J1h,J,H1,15.7
N5-J1i-H1,N5,J1i,J,H1,16
N5-J1j-H1,N5,J1j,J,H1,16.4
N5-J1k-H1,N5,J1k,J,H1,18.2
N5-J1l-H1,N5,J1l,J,H1,16.6
N5-J1m-H1,N5,J1m,J,H1,16.1
N5-J1n-H1,N5,J1n,J,H1,16.8
N5-SI1-H1,N5,SI1,I,H1,13.4
N5-SI2-H1,N5,SI2,I,H1,13.6
N5-SI3-H1,N5,SI3,I,H1,13.5
O1-A1a-H1,O1,A1a,A,H1,15.6
O1-A1b-H1,O1,A1b,A,H1,19.7
O1-A1c-H1,O1,A1c,A,H1,13.4
O1-A1d-H1,O1,A1d,A,H1,21.2
O1-A1e-H1,O1,A1e,A,H1,13.8
O1-A1f-H1,O1,A1f,A,H1,13.5
O1-A1h-H1,O1,A1h,A,H1,15
O1-A1i-H1,O1,A1i,A,H1,18.1
O1-A1j-H1,O1,A1j,A,H1,17.9
O1-A1k-H1,O1,A1k,A,H1,22.1
O1-A1l-H1,O1,A1l,A,H1,18.5
O1-A1m-H1,O1,A1m,A,H1,18
O1-A1n-H1,O1,A1n,A,H1,10.4
O1-B1a-H2,O1,B1a,B,H2,15.5
O1-B1a-H3,O1,B1a,B,H3,16.8
O1-B1b-H1,O1,B1b,B,H1,18.2
O1-B1b-H2,O1,B1b,B,H2,16.7
O1-B1b-H3,O1,B1b,B,H3,18
O1-B1c-H1,O1,B1c,B,H1,13
O1-B1c-H2,O1,B1c,B,H2,15.3
O1-B1c-H3,O1,B1c,B,H3,16.8
O1-B1d-H1,O1,B1d,B,H1,19.9
O1-B1d-H2,O1,B1d,B,H2,18
O1-B1d-H3,O1,B1d,B,H3,18.6
O1-B1e-H1,O1,B1e,B,H1,13.9
O1-B1e-H2,O1,B1e,B,H2,16.2
O1-B1e-H3,O1,B1e,B,H3,17
O1-B1f-H1,O1,B1f,B,H1,13.8
O1-B1f-H2,O1,B1f,B,H2,16.2
O1-B1f-H3,O1,B1f,B,H3,17.7
O1-B1h-H1,O1,B1h,B,H1,13.6
O1-B1h-H2,O1,B1h,B,H2,16.1
O1-B1h-H3,O1,B1h,B,H3,17
O1-B1j-H1,O1,B1j,B,H1,16.8
O1-B1j-H2,O1,B1j,B,H2,16.9
O1-B1j-H3,O1,B1j,B,H3,17.8
O1-B1k-H1,O1,B1k,B,H1,20.2
O1-B1k-H2,O1,B1k,B,H2,17.3
O1-B1k-H3,O1,B1k,B,H3,17.8
O1-B1l-H1,O1,B1l,B,H1,17.5
O1-B1l-H2,O1,B1l,B,H2,16.4
O1-B1l-H3,O1,B1l,B,H3,17.6
O1-B1m-H1,O1,B1m,B,H1,18.1
O1-B1m-H2,O1,B1m,B,H2,15.8
O1-B1m-H3,O1,B1m,B,H3,17.6
O1-B1n-H1,O1,B1n,B,H1,13.1
O1-B1n-H2,O1,B1n,B,H2,16.8
O1-B1n-H3,O1,B1n,B,H3,17.1
O1-B2a-H1,O1,B2a,B,H1,13.7
O1-B2a-H2,O1,B2a,B,H2,17.3
O1-B2b-H1,O1,B2b,B,H1,16.9
O1-B2b-H2,O1,B2b,B,H2,19
O1-B2c-H1,O1,B2c,B,H1,12.6
O1-B2c-H2,O1,B2c,B,H2,17.5
O1-B2d-H1,O1,B2d,B,H1,18.3
O1-B2d-H2,O1,B2d,B,H2,19.3
O1-B2e-H1,O1,B2e,B,H1,12.9
O1-B2e-H2,O1,B2e,B,H2,18.6
O1-B2f-H1,O1,B2f,B,H1,13.1
O1-B2f-H2,O1,B2f,B,H2,17.7
O1-B2h-H1,O1,B2h,B,H1,13.1
O1-B2h-H2,O1,B2h,B,H2,17.8
O1-B2j-H1,O1,B2j,B,H1,15.6
O1-B2j-H2,O1,B2j,B,H2,19.1
O1-B2k-H1,O1,B2k,B,H1,17.5
O1-B2k-H2,O1,B2k,B,H2,19.8
O1-B2l-H1,O1,B2l,B,H1,14.5
O1-B2l-H2,O1,B2l,B,H2,17.3
O1-B2m-H1,O1,B2m,B,H1,15.2
O1-B2m-H2,O1,B2m,B,H2,17.8
O1-B2n-H1,O1,B2n,B,H1,10.7
O1-B2n-H2,O1,B2n,B,H2,18
O1-C1a-H1,O1,C1a,C,H1,14.4
O1-C1b-H1,O1,C1b,C,H1,15.9
O1-C1c-H1,O1,C1c,C,H1,13.3
O1-C1d-H1,O1,C1d,C,H1,17.8
O1-C1e-H1,O1,C1e,C,H1,13.6
O1-C1f-H1,O1,C1f,C,H1,13.4
O1-C1h-H1,O1,C1h,C,H1,13.6
O1-C1i-H1,O1,C1i,C,H1,15.9
O1-C1j-H1,O1,C1j,C,H1,15.8
O1-C1k-H1,O1,C1k,C,H1,17.3
O1-C1l-H1,O1,C1l,C,H1,15.3
O1-C1m-H1,O1,C1m,C,H1,14.5
O1-C1n-H1,O1,C1n,C,H1,12.5
O1-D1a-H1,O1,D1a,D,H1,13.8
O1-D1b-H1,O1,D1b,D,H1,16.3
O1-D1c-H1,O1,D1c,D,H1,14.2
O1-D1d-H1,O1,D1d,D,H1,17.3
O1-D1e-H1,O1,D1e,D,H1,14.5
O1-D1f-H1,O1,D1f,D,H1,13.9
O1-D1h-H1,O1,D1h,D,H1,13.5
O1-D1j-H1,O1,D1j,D,H1,15.4
O1-D1k-H1,O1,D1k,D,H1,18.3
O1-D1l-H1,O1,D1l,D,H1,15.1
O1-D1m-H1,O1,D1m,D,H1,15.2
O1-D1n-H1,O1,D1n,D,H1,13.9
O1-E1a-H1,O1,E1a,E,H1,15.5
O1-E1b-H1,O1,E1b,E,H1,16.9
O1-E1c-H1,O1,E1c,E,H1,14.4
O1-E1d-H1,O1,E1d,E,H1,18.8
O1-E1e-H1,O1,E1e,E,H1,14
O1-E1f-H1,O1,E1f,E,H1,14.6
O1-E1h-H1,O1,E1h,E,H1,14.1
O1-E1i-H1,O1,E1i,E,H1,16.5
O1-E1j-H1,O1,E1j,E,H1,16.3
O1-E1k-H1,O1,E1k,E,H1,18.6
O1-E1l-H1,O1,E1l,E,H1,16.3
O1-E1m-H1,O1,E1m,E,H1,15.8
O1-E1n-H1,O1,E1n,E,H1,14.2
O1-F1a-H1,O1,F1a,F,H1,14
O1-F1b-H1,O1,F1b,F,H1,16.4
O1-F1c-H1,O1,F1c,F,H1,12.4
O1-F1d-H1,O1,F1d,F,H1,19.3
O1-F1e-H1,O1,F1e,F,H1,14.4
O1-F1f-H1,O1,F1f,F,H1,14.9
O1-F1h-H1,O1,F1h,F,H1,14
O1-F1j-H1,O1,F1j,F,H1,16.3
O1-F1k-H1,O1,F1k,F,H1,18.2
O1-F1l-H1,O1,F1l,F,H1,17.2
O1-F1m-H1,O1,F1m,F,H1,15.8
O1-F1n-H1,O1,F1n,F,H1,13
O1-G1a-H1,O1,G1a,G,H1,14.7
O1-G1b-H1,O1,G1b,G,H1,16.6
O1-G1c-H1,O1,G1c,G,H1,13.2
O1-G1d-H1,O1,G1d,G,H1,19.6
O1-G1e-H1,O1,G1e,G,H1,14.7
O1-G1f-H1,O1,G1f,G,H1,14.3
O1-G1h-H1,O1,G1h,G,H1,13.7
O1-G1i-H1,O1,G1i,G,H1,16.2
O1-G1j-H1,O1,G1j,G,H1,16.4
O1-G1k-H1,O1,G1k,G,H1,19.6
O1-G1l-H1,O1,G1l,G,H1,17.4
O1-G1m-H1,O1,G1m,G,H1,16.2
O1-G1n-H1,O1,G1n,G,H1,13.6
O1-H1a-H1,O1,H1a,H,H1,14.5
O1-H1b-H1,O1,H1b,H,H1,15.5
O1-H1c-H1,O1,H1c,H,H1,13.2
O1-H1d-H1,O1,H1d,H,H1,16.5
O1-H1e-H1,O1,H1e,H,H1,13.5
O1-H1f-H1,O1,H1f,H,H1,14.5
O1-H1h-H1,O1,H1h,H,H1,14.3
O1-H1j-H1,O1,H1j,H,H1,16
O1-H1k-H1,O1,H1k,H,H1,17.2
O1-H1l-H1,O1,H1l,H,H1,15
O1-H1m-H1,O1,H1m,H,H1,14.9
O1-H1n-H1,O1,H1n,H,H1,14.5
O1-I1a-H1,O1,I1a,I,H1,12.5
O1-I1b-H1,O1,I1b,I,H1,14.9
O1-I1c-H1,O1,I1c,I,H1,12.3
O1-I1d-H1,O1,I1d,I,H1,14.9
O1-I1e-H1,O1,I1e,I,H1,13.5
O1-I1f-H1,O1,I1f,I,H1,13
O1-I1h-H1,O1,I1h,I,H1,11.6
O1-I1j-H1,O1,I1j,I,H1,14.2
O1-I1k-H1,O1,I1k,I,H1,14.3
O1-I1l-H1,O1,I1l,I,H1,13.5
O1-I1m-H1,O1,I1m,I,H1,13.3
O1-I1n-H1,O1,I1n,I,H1,13.4
O1-J1a-H1,O1,J1a,J,H1,13.9
O1-J1b-H1,O1,J1b,J,H1,14.2
O1-J1c-H1,O1,J1c,J,H1,13.4
O1-J1d-H1,O1,J1d,J,H1,14.1
O1-J1e-H1,O1,J1e,J,H1,13.8
O1-J1f-H1,O1,J1f,J,H1,13.8
O1-J1h-H1,O1,J1h,J,H1,13.8
O1-J1i-H1,O1,J1i,J,H1,13.7
O1-J1j-H1,O1,J1j,J,H1,14.1
O1-J1k-H1,O1,J1k,J,H1,15.5
O1-J1l-H1,O1,J1l,J,H1,13.8
O1-J1m-H1,O1,J1m,J,H1,14.5
O1-J1n-H1,O1,J1n,J,H1,13.6
O1-SI1-H1,O1,SI1,I,H1,13.5
O1-SI2-H1,O1,SI2,I,H1,13
O1-SI3-H1,O1,SI3,I,H1,14
O2-A1a-H1,O2,A1a,A,H1,27.8
O2-A1b-H1,O2,A1b,A,H1,32.5
O2-A1c-H1,O2,A1c,A,H1,20.8
O2-A1e-H1,O2,A1e,A,H1,23.8
O2-A1f-H1,O2,A1f,A,H1,24.6
O2-A1h-H1,O2,A1h,A,H1,26.2
O2-A1i-H1,O2,A1i,A,H1,31.8
O2-A1j-H1,O2,A1j,A,H1,31.7
O2-A1l-H1,O2,A1l,A,H1,30.8
O2-A1m-H1,O2,A1m,A,H1,30.3
O2-A1n-H1,O2,A1n,A,H1,16.2
O2-B1a-H1,O2,B1a,B,H1,26.5
O2-B1a-H3,O2,B1a,B,H3,29.4
O2-B1b-H1,O2,B1b,B,H1,29.2
O2-B1b-H2,O2,B1b,B,H2,28.8
O2-B1b-H3,O2,B1b,B,H3,30.7
O2-B1c-H1,O2,B1c,B,H1,18
O2-B1c-H2,O2,B1c,B,H2,26.7
O2-B1c-H3,O2,B1c,B,H3,29.4
O2-B1d-H1,O2,B1d,B,H1,32.2
O2-B1d-H2,O2,B1d,B,H2,29.3
O2-B1d-H3,O2,B1d,B,H3,31.4
O2-B1e-H1,O2,B1e,B,H1,22.8
O2-B1e-H2,O2,B1e,B,H2,26
O2-B1e-H3,O2,B1e,B,H3,29.3
O2-B1f-H1,O2,B1f,B,H1,23.4
O2-B1f-H2,O2,B1f,B,H2,26.2
O2-B1f-H3,O2,B1f,B,H3,29.5
O2-B1h-H1,O2,B1h,B,H1,24
O2-B1h-H2,O2,B1h,B,H2,26.6
O2-B1h-H3,O2,B1h,B,H3,29.3
O2-B1j-H1,O2,B1j,B,H1,28
O2-B1j-H2,O2,B1j,B,H2,28
O2-B1j-H3,O2,B1j,B,H3,30.4
O2-B1k-H1,O2,B1k,B,H1,32.6
O2-B1k-H2,O2,B1k,B,H2,28.8
O2-B1k-H3,O2,B1k,B,H3,30.9
O2-B1l-H1,O2,B1l,B,H1,29.4
O2-B1l-H2,O2,B1l,B,H2,28.6
O2-B1l-H3,O2,B1l,B,H3,29.1
O2-B1m-H1,O2,B1m,B,H1,27.7
O2-B1m-H2,O2,B1m,B,H2,25.7
O2-B1m-H3,O2,B1m,B,H3,29.5
O2-B1n-H1,O2,B1n,B,H1,15.6
O2-B1n-H2,O2,B1n,B,H2,27.8
O2-B1n-H3,O2,B1n,B,H3,29.6
O2-B2a-H1,O2,B2a,B,H1,23.4
O2-B2a-H2,O2,B2a,B,H2,29.7
O2-B2b-H1,O2,B2b,B,H1,26.8
O2-B2b-H2,O2,B2b,B,H2,32.3
O2-B2c-H1,O2,B2c,B,H1,16.4
O2-B2c-H2,O2,B2c,B,H2,30.6
O2-B2d-H1,O2,B2d,B,H1,29.9
O2-B2d-H2,O2,B2d,B,H2,32.5
O2-B2e-H1,O2,B2e,B,H1,20.2
O2-B2e-H2,O2,B2e,B,H2,29.6
O2-B2f-H1,O2,B2f,B,H1,21.6
O2-B2f-H2,O2,B2f,B,H2,31.1
O2-B2h-H1,O2,B2h,B,H1,22.1
O2-B2h-H2,O2,B2h,B,H2,30.5
O2-B2j-H1,O2,B2j,B,H1,26
O2-B2j-H2,O2,B2j,B,H2,32.3
O2-B2k-H1,O2,B2k,B,H1,29
O2-B2k-H2,O2,B2k,B,H2,32.5
O2-B2l-H1,O2,B2l,B,H1,25
O2-B2l-H2,O2,B2l,B,H2,31.7
O2-B2m-H1,O2,B2m,B,H1,24
O2-B2m-H2,O2,B2m,B,H2,29.8
O2-B2n-H1,O2,B2n,B,H1,15.2
O2-B2n-H2,O2,B2n,B,H2,30.2
O2-C1a-H1,O2,C1a,C,H1,22.6
O2-C1b-H1,O2,C1b,C,H1,25.7
O2-C1c-H1,O2,C1c,C,H1,19.2
O2-C1d-H1,O2,C1d,C,H1,28.2
O2-C1e-H1,O2,C1e,C,H1,21.7
O2-C1f-H1,O2,C1f,C,H1,20.9
O2-C1h-H1,O2,C1h,C,H1,22.4
O2-C1i-H1,O2,C1i,C,H1,24.6
O2-C1j-H1,O2,C1j,C,H1,25.6
O2-C1k-H1,O2,C1k,C,H1,27.3
O2-C1l-H1,O2,C1l,C,H1,22.9
O2-C1m-H1,O2,C1m,C,H1,24.8
O2-C1n-H1,O2,C1n,C,H1,16.6
O2-D1a-H1,O2,D1a,D,H1,21.2
O2-D1b-H1,O2,D1b,D,H1,24.8
O2-D1c-H1,O2,D1c,D,H1,18
O2-D1d-H1,O2,D1d,D,H1,27.6
O2-D1e-H1,O2,D1e,D,H1,21.2
O2-D1f-H1,O2,D1f,D,H1,20.5
O2-D1h-H1,O2,D1h,D,H1,21.5
O2-D1j-H1,O2,D1j,D,H1,25.1
O2-D1k-H1,O2,D1k,D,H1,25.9
O2-D1l-H1,O2,D1l,D,H1,22.4
O2-D1m-H1,O2,D1m,D,H1,21.9
O2-D1n-H1,O2,D1n,D,H1,16
O2-E1a-H1,O2,E1a,E,H1,25.1
O2-E1b-H1,O2,E1b,E,H1,27.8
O2-E1c-H1,O2,E1c,E,H1,21.4
O2-E1d-H1,O2,E1d,E,H1,29.5
O2-E1e-H1,O2,E1e,E,H1,22.2
O2-E1f-H1,O2,E1f,E,H1,24.2
O2-E1h-H1,O2,E1h,E,H1,25.3
O2-E1i-H1,O2,E1i,E,H1,26.9
O2-E1j-H1,O2,E1j,E,H1,27.4
O2-E1k-H1,O2,E1k,E,H1,29.9
O2-E1l-H1,O2,E1l,E,H1,25.9
O2-E1m-H1,O2,E1m,E,H1,25.4
O2-E1n-H1,O2,E1n,E,H1,18.4
O2-F1a-H1,O2,F1a,F,H1,23.3
O2-F1b-H1,O2,F1b,F,H1,24.7
O2-F1c-H1,O2,F1c,F,H1,18.6
O2-F1d-H1,O2,F1d,F,H1,29.6
O2-F1e-H1,O2,F1e,F,H1,22.8
O2-F1f-H1,O2,F1f,F,H1,22.2
O2-F1h-H1,O2,F1h,F,H1,22.4
O2-F1j-H1,O2,F1j,F,H1,25.9
O2-F1k-H1,O2,F1k,F,H1,29.3
O2-F1l-H1,O2,F1l,F,H1,25.3
O2-F1m-H1,O2,F1m,F,H1,26
O2-F1n-H1,O2,F1n,F,H1,16.8
O2-G1a-H1,O2,G1a,G,H1,23.3
O2-G1b-H1,O2,G1b,G,H1,25.9
O2-G1c-H1,O2,G1c,G,H1,19.1
O2-G1d-H1,O2,G1d,G,H1,30.3
O2-G1e-H1,O2,G1e,G,H1,21.4
O2-G1f-H1,O2,G1f,G,H1,21.8
O2-G1h-H1,O2,G1h,G,H1,23.2
O2-G1i-H1,O2,G1i,G,H1,25.6
O2-G1j-H1,O2,G1j,G,H1,26.3
O2-G1k-H1,O2,G1k,G,H1,29.7
O2-G1l-H1,O2,G1l,G,H1,25.3
O2-G1m-H1,O2,G1m,G,H1,26.3
O2-G1n-H1,O2,G1n,G,H1,17.1
O2-H1a-H1,O2,H1a,H,H1,23.3
O2-H1b-H1,O2,H1b,H,H1,25.8
O2-H1c-H1,O2,H1c,H,H1,20.2
O2-H1d-H1,O2,H1d,H,H1,28.4
O2-H1e-H1,O2,H1e,H,H1,20.7
O2-H1f-H1,O2,H1f,H,H1,22.5
O2-H1h-H1,O2,H1h,H,H1,24.3
O2-H1j-H1,O2,H1j,H,H1,25.9
O2-H1k-H1,O2,H1k,H,H1,27.8
O2-H1l-H1,O2,H1l,H,H1,23.3
O2-H1m-H1,O2,H1m,H,H1,23.3
O2-H1n-H1,O2,H1n,H,H1,19
O2-I1a-H1,O2,I1a,I,H1,19
O2-I1b-H1,O2,I1b,I,H1,23.1
O2-I1c-H1,O2,I1c,I,H1,17.6
O2-I1d-H1,O2,I1d,I,H1,23.9
O2-I1e-H1,O2,I1e,I,H1,20.6
O2-I1f-H1,O2,I1f,I,H1,20
O2-I1h-H1,O2,I1h,I,H1,19.1
O2-I1j-H1,O2,I1j,I,H1,22.1
O2-I1k-H1,O2,I1k,I,H1,22.7
O2-I1l-H1,O2,I1l,I,H1,20.7
O2-I1m-H1,O2,I1m,I,H1,18.2
O2-I1n-H1,O2,I1n,I,H1,18.8
O2-J1a-H1,O2,J1a,J,H1,20.9
O2-J1b-H1,O2,J1b,J,H1,23.2
O2-J1c-H1,O2,J1c,J,H1,20.1
O2-J1d-H1,O2,J1d,J,H1,23.1
O2-J1e-H1,O2,J1e,J,H1,21.3
O2-J1f-H1,O2,J1f,J,H1,21.1
O2-J1h-H1,O2,J1h,J,H1,21.4
O2-J1i-H1,O2,J1i,J,H1,22
O2-J1j-H1,O2,J1j,J,H1,22.4
O2-J1k-H1,O2,J1k,J,H1,23.7
O2-J1l-H1,O2,J1l,J,H1,22.1
O2-J1m-H1,O2,J1m,J,H1,21.7
O2-J1n-H1,O2,J1n,J,H1,21.9
O2-SI2-H1,O2,SI2,I,H1,19
O2-SI3-H1,O2,SI3,I,H1,18.5
O3-A1a-H1,O3,A1a,A,H1,13
O3-A1b-H1,O3,A1b,A,H1,16.4
O3-A1c-H1,O3,A1c,A,H1,7.1
O3-A1d-H1,O3,A1d,A,H1,22.9
O3-A1e-H1,O3,A1e,A,H1,11.6
O3-A1f-H1,O3,A1f,A,H1,11.1
O3-A1h-H1,O3,A1h,A,H1,5
O3-A1i-H1,O3,A1i,A,H1,15.1
O3-A1j-H1,O3,A1j,A,H1,15.1
O3-A1k-H1,O3,A1k,A,H1,17.9
O3-A1l-H1,O3,A1l,A,H1,16.1
O3-A1m-H1,O3,A1m,A,H1,14.5
O3-A1n-H1,O3,A1n,A,H1,6.2
O3-B1a-H1,O3,B1a,B,H1,11.2
O3-B1a-H3,O3,B1a,B,H3,14
O3-B1b-H1,O3,B1b,B,H1,14.5
O3-B1b-H2,O3,B1b,B,H2,13.4
O3-B1b-H3,O3,B1b,B,H3,14.7
O3-B1c-H1,O3,B1c,B,H1,6.1
O3-B1c-H2,O3,B1c,B,H2,10.8
O3-B1c-H3,O3,B1c,B,H3,14.5
O3-B1d-H1,O3,B1d,B,H1,18.3
O3-B1d-H2,O3,B1d,B,H2,14.2
O3-B1d-H3,O3,B1d,B,H3,15.5
O3-B1e-H1,O3,B1e,B,H1,9.7
O3-B1e-H2,O3,B1e,B,H2,12.8
O3-B1e-H3,O3,B1e,B,H3,13.8
O3-B1f-H1,O3,B1f,B,H1,8.6
O3-B1f-H2,O3,B1f,B,H2,12.8
O3-B1f-H3,O3,B1f,B,H3,14.4
O3-B1h-H2,O3,B1h,B,H2,10.6
O3-B1h-H3,O3,B1h,B,H3,8.7
O3-B1j-H1,O3,B1j,B,H1,14.3
O3-B1j-H2,O3,B1j,B,H2,13.5
O3-B1j-H3,O3,B1j,B,H3,14.6
O3-B1k-H1,O3,B1k,B,H1,16.9
O3-B1k-H2,O3,B1k,B,H2,13.2
O3-B1k-H3,O3,B1k,B,H3,14.3
O3-B1l-H1,O3,B1l,B,H1,13
O3-B1l-H2,O3,B1l,B,H2,10.5
O3-B1l-H3,O3,B1l,B,H3,15.5
O3-B1m-H1,O3,B1m,B,H1,12
O3-B1m-H2,O3,B1m,B,H2,12.1
O3-B1m-H3,O3,B1m,B,H3,14.2
O3-B1n-H1,O3,B1n,B,H1,6
O3-B1n-H2,O3,B1n,B,H2,8.6
O3-B1n-H3,O3,B1n,B,H3,13.6
O3-B2a-H1,O3,B2a,B,H1,9.8
O3-B2a-H2,O3,B2a,B,H2,14.4
O3-B2b-H1,O3,B2b,B,H1,12.2
O3-B2b-H2,O3,B2b,B,H2,14.3
O3-B2c-H1,O3,B2c,B,H1,6
O3-B2c-H2,O3,B2c,B,H2,15
O3-B2d-H1,O3,B2d,B,H1,14.7
O3-B2d-H2,O3,B2d,B,H2,14.7
O3-B2e-H1,O3,B2e,B,H1,8.4
O3-B2e-H2,O3,B2e,B,H2,13.5
O3-B2f-H1,O3,B2f,B,H1,9.3
O3-B2f-H2,O3,B2f,B,H2,14.3
O3-B2h-H2,O3,B2h,B,H2,9.4
O3-B2j-H1,O3,B2j,B,H1,12.1
O3-B2j-H2,O3,B2j,B,H2,14.5
O3-B2k-H1,O3,B2k,B,H1,13.1
O3-B2k-H2,O3,B2k,B,H2,16.4
O3-B2l-H1,O3,B2l,B,H1,10.3
O3-B2l-H2,O3,B2l,B,H2,14.4
O3-B2m-H1,O3,B2m,B,H1,10.2
O3-B2m-H2,O3,B2m,B,H2,14.7
O3-B2n-H1,O3,B2n,B,H1,5.3
O3-B2n-H2,O3,B2n,B,H2,13.3
O3-C1a-H1,O3,C1a,C,H1,11.3
O3-C1b-H1,O3,C1b,C,H1,13.5
O3-C1c-H1,O3,C1c,C,H1,8.5
O3-C1d-H1,O3,C1d,C,H1,18.2
O3-C1e-H1,O3,C1e,C,H1,10.1
O3-C1f-H1,O3,C1f,C,H1,9
O3-C1i-H1,O3,C1i,C,H1,12
O3-C1j-H1,O3,C1j,C,H1,13.8
O3-C1k-H1,O3,C1k,C,H1,14.6
O3-C1l-H1,O3,C1l,C,H1,13
O3-C1m-H1,O3,C1m,C,H1,10.2
O3-C1n-H1,O3,C1n,C,H1,6.3
O3-D1a-H1,O3,D1a,D,H1,9.4
O3-D1b-H1,O3,D1b,D,H1,11.5
O3-D1c-H1,O3,D1c,D,H1,7
O3-D1d-H1,O3,D1d,D,H1,15
O3-D1e-H1,O3,D1e,D,H1,10.7
O3-D1f-H1,O3,D1f,D,H1,9.6
O3-D1h-H1,O3,D1h,D,H1,9.6
O3-D1j-H1,O3,D1j,D,H1,12
O3-D1k-H1,O3,D1k,D,H1,13
O3-D1l-H1,O3,D1l,D,H1,11.3
O3-D1m-H1,O3,D1m,D,H1,11.5
O3-D1n-H1,O3,D1n,D,H1,6.5
O3-E1a-H1,O3,E1a,E,H1,11.7
O3-E1b-H1,O3,E1b,E,H1,14.4
O3-E1c-H1,O3,E1c,E,H1,10.6
O3-E1d-H1,O3,E1d,E,H1,14.9
O3-E1e-H1,O3,E1e,E,H1,10.4
O3-E1f-H1,O3,E1f,E,H1,10.4
O3-E1i-H1,O3,E1i,E,H1,13
O3-E1j-H1,O3,E1j,E,H1,13.8
O3-E1k-H1,O3,E1k,E,H1,15.1
O3-E1l-H1,O3,E1l,E,H1,13.8
O3-E1m-H1,O3,E1m,E,H1,11.7
O3-E1n-H1,O3,E1n,E,H1,8.4
O3-F1a-H1,O3,F1a,F,H1,10
O3-F1b-H1,O3,F1b,F,H1,12.5
O3-F1c-H1,O3,F1c,F,H1,7.2
O3-F1d-H1,O3,F1d,F,H1,16.4
O3-F1e-H1,O3,F1e,F,H1,11.4
O3-F1f-H1,O3,F1f,F,H1,9.9
O3-F1j-H1,O3,F1j,F,H1,12.5
O3-F1k-H1,O3,F1k,F,H1,14.5
O3-F1l-H1,O3,F1l,F,H1,13.4
O3-F1m-H1,O3,F1m,F,H1,15.6
O3-F1n-H1,O3,F1n,F,H1,6
O3-G1a-H1,O3,G1a,G,H1,11.7
O3-G1b-H1,O3,G1b,G,H1,14
O3-G1c-H1,O3,G1c,G,H1,7.2
O3-G1d-H1,O3,G1d,G,H1,20.4
O3-G1e-H1,O3,G1e,G,H1,11.7
O3-G1f-H1,O3,G1f,G,H1,10.4
O3-G1i-H1,O3,G1i,G,H1,13.8
O3-G1j-H1,O3,G1j,G,H1,13.1
O3-G1k-H1,O3,G1k,G,H1,16
O3-G1l-H1,O3,G1l,G,H1,14.8
O3-G1m-H1,O3,G1m,G,H1,14.4
O3-G1n-H1,O3,G1n,G,H1,7.2
O3-H1a-H1,O3,H1a,H,H1,10.1
O3-H1b-H1,O3,H1b,H,H1,12.4
O3-H1c-H1,O3,H1c,H,H1,6.9
O3-H1d-H1,O3,H1d,H,H1,15.8
O3-H1e-H1,O3,H1e,H,H1,10
O3-H1f-H1,O3,H1f,H,H1,10.8
O3-H1j-H1,O3,H1j,H,H1,12.4
O3-H1k-H1,O3,H1k,H,H1,13.5
O3-H1l-H1,O3,H1l,H,H1,11.6
O3-H1m-H1,O3,H1m,H,H1,10.6
O3-H1n-H1,O3,H1n,H,H1,9.8
O3-I1a-H1,O3,I1a,I,H1,8.3
O3-I1b-H1,O3,I1b,I,H1,9.3
O3-I1c-H1,O3,I1c,I,H1,6.8
O3-I1d-H1,O3,I1d,I,H1,10.2
O3-I1e-H1,O3,I1e,I,H1,9.1
O3-I1f-H1,O3,I1f,I,H1,9.3
O3-I1j-H1,O3,I1j,I,H1,10.4
O3-I1k-H1,O3,I1k,I,H1,9.2
O3-I1l-H1,O3,I1l,I,H1,6.2
O3-I1m-H1,O3,I1m,I,H1,7.7
O3-I1n-H1,O3,I1n,I,H1,7.5
O3-J1a-H1,O3,J1a,J,H1,10.2
O3-J1b-H1,O3,J1b,J,H1,9.8
O3-J1c-H1,O3,J1c,J,H1,9.4
O3-J1d-H1,O3,J1d,J,H1,10
O3-J1e-H1,O3,J1e,J,H1,9.8
O3-J1f-H1,O3,J1f,J,H1,9.6
O3-J1h-H1,O3,J1h,J,H1,9.5
O3-J1i-H1,O3,J1i,J,H1,9.7
O3-J1j-H1,O3,J1j,J,H1,10.1
O3-J1k-H1,O3,J1k,J,H1,10.7
O3-J1l-H1,O3,J1l,J,H1,9.8
O3-J1m-H1,O3,J1m,J,H1,9.8
O3-J1n-H1,O3,J1n,J,H1,10.1
O3-SI1-H1,O3,SI1,I,H1,8.3
O3-SI2-H1,O3,SI2,I,H1,7.3
O3-SI3-H1,O3,SI3,I,H1,8
O4-A1a-H1,O4,A1a,A,H1,16.1
O4-A1b-H1,O4,A1b,A,H1,19.9
O4-A1c-H1,O4,A1c,A,H1,12.8
O4-A1d-H1,O4,A1d,A,H1,21.8
O4-A1e-H1,O4,A1e,A,H1,14.4
O4-A1f-H1,O4,A1f,A,H1,13.9
O4-A1h-H1,O4,A1h,A,H1,14.9
O4-A1i-H1,O4,A1i,A,H1,18.2
O4-A1j-H1,O4,A1j,A,H1,18.4
O4-A1k-H1,O4,A1k,A,H1,22.5
O4-A1l-H1,O4,A1l,A,H1,18.2
O4-A1m-H1,O4,A1m,A,H1,17.8
O4-A1n-H1,O4,A1n,A,H1,13.1
O4-B1a-H1,O4,B1a,B,H1,15.1
O4-B1a-H3,O4,B1a,B,H3,17.4
O4-B1b-H1,O4,B1b,B,H1,18.1
O4-B1b-H2,O4,B1b,B,H2,16.3
O4-B1b-H3,O4,B1b,B,H3,18.2
O4-B1c-H1,O4,B1c,B,H1,12.7
O4-B1c-H2,O4,B1c,B,H2,15.1
O4-B1c-H3,O4,B1c,B,H3,17.4
O4-B1d-H1,O4,B1d,B,H1,19.6
O4-B1d-H2,O4,B1d,B,H2,17.4
O4-B1d-H3,O4,B1d,B,H3,18.8
O4-B1e-H1,O4,B1e,B,H1,14.3
O4-B1e-H2,O4,B1e,B,H2,17
O4-B1e-H3,O4,B1e,B,H3,17.7
O4-B1f-H1,O4,B1f,B,H1,13.3
O4-B1f-H2,O4,B1f,B,H2,16.3
O4-B1f-H3,O4,B1f,B,H3,17.3
O4-B1g-H1,O4,B1g,B,H1,14.3
O4-B1g-H2,O4,B1g,B,H2,18.7
O4-B1g-H3,O4,B1g,B,H3,17.9
O4-B1h-H1,O4,B1h,B,H1,13.8
O4-B1h-H2,O4,B1h,B,H2,15.3
O4-B1h-H3,O4,B1h,B,H3,17.6
O4-B1j-H1,O4,B1j,B,H1,17.1
O4-B1j-H2,O4,B1j,B,H2,16.8
O4-B1j-H3,O4,B1j,B,H3,18
O4-B1k-H1,O4,B1k,B,H1,20.5
O4-B1k-H2,O4,B1k,B,H2,16.7
O4-B1k-H3,O4,B1k,B,H3,18.1
O4-B1l-H1,O4,B1l,B,H1,16.9
O4-B1l-H2,O4,B1l,B,H2,16
O4-B1l-H3,O4,B1l,B,H3,17.8
O4-B1m-H1,O4,B1m,B,H1,16.4
O4-B1m-H2,O4,B1m,B,H2,16.7
O4-B1m-H3,O4,B1m,B,H3,17.3
O4-B1n-H1,O4,B1n,B,H1,12.3
O4-B1n-H2,O4,B1n,B,H2,16
O4-B1n-H3,O4,B1n,B,H3,17.5
O4-B2a-H1,O4,B2a,B,H1,14.5
O4-B2a-H2,O4,B2a,B,H2,17.2
O4-B2b-H1,O4,B2b,B,H1,15.4
O4-B2b-H2,O4,B2b,B,H2,19.1
O4-B2c-H1,O4,B2c,B,H1,12.8
O4-B2c-H2,O4,B2c,B,H2,18.5
O4-B2d-H1,O4,B2d,B,H1,17.9
O4-B2d-H2,O4,B2d,B,H2,19.1
O4-B2e-H1,O4,B2e,B,H1,13.7
O4-B2e-H2,O4,B2e,B,H2,18.1
O4-B2f-H1,O4,B2f,B,H1,13.4
O4-B2f-H2,O4,B2f,B,H2,18.8
O4-B2g-H2,O4,B2g,B,H2,19.4
O4-B2h-H1,O4,B2h,B,H1,13.4
O4-B2h-H2,O4,B2h,B,H2,17.7
O4-B2j-H1,O4,B2j,B,H1,16.2
O4-B2j-H2,O4,B2j,B,H2,19
O4-B2k-H1,O4,B2k,B,H1,18.1
O4-B2k-H2,O4,B2k,B,H2,19.1
O4-B2l-H1,O4,B2l,B,H1,14.7
O4-B2l-H2,O4,B2l,B,H2,17.6
O4-B2m-H1,O4,B2m,B,H1,15.3
O4-B2m-H2,O4,B2m,B,H2,17.1
O4-B2n-H1,O4,B2n,B,H1,12.4
O4-B2n-H2,O4,B2n,B,H2,17.5
O4-C1a-H1,O4,C1a,C,H1,15.2
O4-C1b-H1,O4,C1b,C,H1,16.3
O4-C1c-H1,O4,C1c,C,H1,13.9
O4-C1d-H1,O4,C1d,C,H1,17.6
O4-C1e-H1,O4,C1e,C,H1,13.9
O4-C1f-H1,O4,C1f,C,H1,14.2
O4-C1g-H1,O4,C1g,C,H1,15.4
O4-C1h-H1,O4,C1h,C,H1,13.5
O4-C1i-H1,O4,C1i,C,H1,16
O4-C1j-H1,O4,C1j,C,H1,17.1
O4-C1k-H1,O4,C1k,C,H1,18.6
O4-C1l-H1,O4,C1l,C,H1,15.3
O4-C1m-H1,O4,C1m,C,H1,15.2
O4-C1n-H1,O4,C1n,C,H1,13.4
O4-D1a-H1,O4,D1a,D,H1,13.7
O4-D1b-H1,O4,D1b,D,H1,15.6
O4-D1c-H1,O4,D1c,D,H1,13.2
O4-D1d-H1,O4,D1d,D,H1,17.5
O4-D1e-H1,O4,D1e,D,H1,13.7
O4-D1f-H1,O4,D1f,D,H1,13.2
O4-D1h-H1,O4,D1h,D,H1,12.9
O4-D1j-H1,O4,D1j,D,H1,16.1
O4-D1k-H1,O4,D1k,D,H1,17.1
O4-D1l-H1,O4,D1l,D,H1,15.4
O4-D1m-H1,O4,D1m,D,H1,15.1
O4-D1n-H1,O4,D1n,D,H1,15.2
O4-E1a-H1,O4,E1a,E,H1,16
O4-E1b-H1,O4,E1b,E,H1,16.8
O4-E1c-H1,O4,E1c,E,H1,14.5
O4-E1d-H1,O4,E1d,E,H1,18.9
O4-E1e-H1,O4,E1e,E,H1,14.6
O4-E1f-H1,O4,E1f,E,H1,14.7
O4-E1g-H1,O4,E1g,E,H1,14.9
O4-E1h-H1,O4,E1h,E,H1,15.1
O4-E1i-H1,O4,E1i,E,H1,17
O4-E1j-H1,O4,E1j,E,H1,16.9
O4-E1k-H1,O4,E1k,E,H1,19.1
O4-E1l-H1,O4,E1l,E,H1,16.3
O4-E1m-H1,O4,E1m,E,H1,16.2
O4-E1n-H1,O4,E1n,E,H1,14.2
O4-F1a-H1,O4,F1a,F,H1,15.1
O4-F1b-H1,O4,F1b,F,H1,15.5
O4-F1c-H1,O4,F1c,F,H1,13.8
O4-F1d-H1,O4,F1d,F,H1,19.2
O4-F1e-H1,O4,F1e,F,H1,14.4
O4-F1f-H1,O4,F1f,F,H1,14.3
O4-F1h-H1,O4,F1h,F,H1,13.9
O4-F1j-H1,O4,F1j,F,H1,17.2
O4-F1k-H1,O4,F1k,F,H1,19.4
O4-F1l-H1,O4,F1l,F,H1,18
O4-F1m-H1,O4,F1m,F,H1,16.6
O4-F1n-H1,O4,F1n,F,H1,14.6
O4-G1a-H1,O4,G1a,G,H1,15
O4-G1b-H1,O4,G1b,G,H1,16.9
O4-G1c-H1,O4,G1c,G,H1,13.6
O4-G1d-H1,O4,G1d,G,H1,19.3
O4-G1e-H1,O4,G1e,G,H1,14.8
O4-G1f-H1,O4,G1f,G,H1,14.2
O4-G1g-H1,O4,G1g,G,H1,14.2
O4-G1h-H1,O4,G1h,G,H1,13.6
O4-G1i-H1,O4,G1i,G,H1,16.6
O4-G1j-H1,O4,G1j,G,H1,17.5
O4-G1k-H1,O4,G1k,G,H1,20.2
O4-G1l-H1,O4,G1l,G,H1,17.7
O4-G1m-H1,O4,G1m,G,H1,16.3
O4-G1n-H1,O4,G1n,G,H1,12.5
O4-H1a-H1,O4,H1a,H,H1,14.2
O4-H1b-H1,O4,H1b,H,H1,15.3
O4-H1c-H1,O4,H1c,H,H1,13
O4-H1d-H1,O4,H1d,H,H1,16.8
O4-H1e-H1,O4,H1e,H,H1,13.3
O4-H1f-H1,O4,H1f,H,H1,14.1
O4-H1h-H1,O4,H1h,H,H1,14.2
O4-H1j-H1,O4,H1j,H,H1,16.3
O4-H1k-H1,O4,H1k,H,H1,17.4
O4-H1l-H1,O4,H1l,H,H1,15.7
O4-H1m-H1,O4,H1m,H,H1,14.9
O4-H1n-H1,O4,H1n,H,H1,14.6
O4-I1a-H1,O4,I1a,I,H1,12.3
O4-I1b-H1,O4,I1b,I,H1,14.1
O4-I1c-H1,O4,I1c,I,H1,11.5
O4-I1d-H1,O4,I1d,I,H1,14.3
O4-I1e-H1,O4,I1e,I,H1,11.4
O4-I1f-H1,O4,I1f,I,H1,12.6
O4-I1h-H1,O4,I1h,I,H1,12.7
O4-I1j-H1,O4,I1j,I,H1,13.4
O4-I1k-H1,O4,I1k,I,H1,13.4
O4-I1l-H1,O4,I1l,I,H1,12.9
O4-I1m-H1,O4,I1m,I,H1,12.9
O4-I1n-H1,O4,I1n,I,H1,13.5
O4-J1a-H1,O4,J1a,J,H1,13.7
O4-J1b-H1,O4,J1b,J,H1,14.2
O4-J1c-H1,O4,J1c,J,H1,13.1
O4-J1d-H1,O4,J1d,J,H1,14.2
O4-J1e-H1,O4,J1e,J,H1,13.8
O4-J1f-H1,O4,J1f,J,H1,13.6
O4-J1h-H1,O4,J1h,J,H1,13.5
O4-J1i-H1,O4,J1i,J,H1,13.8
O4-J1j-H1,O4,J1j,J,H1,13.9
O4-J1k-H1,O4,J1k,J,H1,14.9
O4-J1l-H1,O4,J1l,J,H1,14
O4-J1m-H1,O4,J1m,J,H1,13.7
O4-J1n-H1,O4,J1n,J,H1,13.7
O4-SI1-H1,O4,SI1,I,H1,12.3
O4-SI2-H1,O4,SI2,I,H1,12.4
O4-SI3-H1,O4,SI3,I,H1,12.8
O5-A1a-H1,O5,A1a,A,H1,12.8
O5-A1b-H1,O5,A1b,A,H1,17.6
O5-A1c-H1,O5,A1c,A,H1,6.5
O5-A1d-H1,O5,A1d,A,H1,20.4
O5-A1e-H1,O5,A1e,A,H1,10.7
O5-A1f-H1,O5,A1f,A,H1,10.8
O5-A1h-H1,O5,A1h,A,H1,8.2
O5-A1i-H1,O5,A1i,A,H1,14.9
O5-A1j-H1,O5,A1j,A,H1,15.8
O5-A1k-H1,O5,A1k,A,H1,19.3
O5-A1l-H1,O5,A1l,A,H1,16.8
O5-A1m-H1,O5,A1m,A,H1,14.7
O5-B1a-H1,O5,B1a,B,H1,11
O5-B1a-H3,O5,B1a,B,H3,14
O5-B1b-H1,O5,B1b,B,H1,16.3
O5-B1b-H2,O5,B1b,B,H2,13.4
O5-B1b-H3,O5,B1b,B,H3,15
O5-B1c-H1,O5,B1c,B,H1,6
O5-B1c-H2,O5,B1c,B,H2,10.6
O5-B1c-H3,O5,B1c,B,H3,14.3
O5-B1d-H1,O5,B1d,B,H1,18.9
O5-B1d-H2,O5,B1d,B,H2,13.6
O5-B1d-H3,O5,B1d,B,H3,15.3
O5-B1e-H1,O5,B1e,B,H1,9.1
O5-B1e-H2,O5,B1e,B,H2,12.3
O5-B1e-H3,O5,B1e,B,H3,14.4
O5-B1f-H1,O5,B1f,B,H1,9.2
O5-B1f-H2,O5,B1f,B,H2,12.6
O5-B1f-H3,O5,B1f,B,H3,14.3
O5-B1g-H1,O5,B1g,B,H1,11.1
O5-B1g-H2,O5,B1g,B,H2,14.7
O5-B1g-H3,O5,B1g,B,H3,14.7
O5-B1h-H1,O5,B1h,B,H1,6.7
O5-B1h-H2,O5,B1h,B,H2,11.5
O5-B1h-H3,O5,B1h,B,H3,11.3
O5-B1j-H1,O5,B1j,B,H1,14.9
O5-B1j-H2,O5,B1j,B,H2,13.4
O5-B1j-H3,O5,B1j,B,H3,14.4
O5-B1k-H1,O5,B1k,B,H1,17.6
O5-B1k-H2,O5,B1k,B,H2,12.7
O5-B1k-H3,O5,B1k,B,H3,14.5
O5-B1l-H1,O5,B1l,B,H1,13.6
O5-B1l-H2,O5,B1l,B,H2,13.8
O5-B1l-H3,O5,B1l,B,H3,15.3
O5-B1m-H1,O5,B1m,B,H1,11.3
O5-B1m-H2,O5,B1m,B,H2,12.1
O5-B1m-H3,O5,B1m,B,H3,14.2
O5-B1n-H2,O5,B1n,B,H2,11.8
O5-B1n-H3,O5,B1n,B,H3,14.7
O5-B2a-H1,O5,B2a,B,H1,9.5
O5-B2a-H2,O5,B2a,B,H2,14.4
O5-B2b-H1,O5,B2b,B,H1,13.5
O5-B2b-H2,O5,B2b,B,H2,15.4
O5-B2c-H1,O5,B2c,B,H1,5.2
O5-B2c-H2,O5,B2c,B,H2,15.5
O5-B2d-H1,O5,B2d,B,H1,15.5
O5-B2d-H2,O5,B2d,B,H2,15.5
O5-B2e-H1,O5,B2e,B,H1,8.3
O5-B2e-H2,O5,B2e,B,H2,14.9
O5-B2f-H1,O5,B2f,B,H1,8.1
O5-B2f-H2,O5,B2f,B,H2,16
O5-B2g-H2,O5,B2g,B,H2,16
O5-B2h-H1,O5,B2h,B,H1,6.3
O5-B2h-H2,O5,B2h,B,H2,13.6
O5-B2j-H1,O5,B2j,B,H1,12.6
O5-B2j-H2,O5,B2j,B,H2,17.1
O5-B2k-H1,O5,B2k,B,H1,14.4
O5-B2k-H2,O5,B2k,B,H2,16.5
O5-B2l-H1,O5,B2l,B,H1,11.2
O5-B2l-H2,O5,B2l,B,H2,15.1
O5-B2m-H1,O5,B2m,B,H1,10.2
O5-B2m-H2,O5,B2m,B,H2,14
O5-B2n-H1,O5,B2n,B,H1,5.1
O5-B2n-H2,O5,B2n,B,H2,13.8
O5-C1a-H1,O5,C1a,C,H1,10.3
O5-C1b-H1,O5,C1b,C,H1,13.7
O5-C1c-H1,O5,C1c,C,H1,8.3
O5-C1d-H1,O5,C1d,C,H1,16.4
O5-C1e-H1,O5,C1e,C,H1,9.9
O5-C1f-H1,O5,C1f,C,H1,9
O5-C1g-H1,O5,C1g,C,H1,11.2
O5-C1h-H1,O5,C1h,C,H1,7.5
O5-C1i-H1,O5,C1i,C,H1,12.4
O5-C1j-H1,O5,C1j,C,H1,13.8
O5-C1k-H1,O5,C1k,C,H1,14.7
O5-C1l-H1,O5,C1l,C,H1,12.1
O5-C1m-H1,O5,C1m,C,H1,10
O5-D1a-H1,O5,D1a,D,H1,9.6
O5-D1b-H1,O5,D1b,D,H1,11.9
O5-D1c-H1,O5,D1c,D,H1,7.1
O5-D1d-H1,O5,D1d,D,H1,15.8
O5-D1e-H1,O5,D1e,D,H1,8.3
O5-D1f-H1,O5,D1f,D,H1,7.7
O5-D1h-H1,O5,D1h,D,H1,7.6
O5-D1j-H1,O5,D1j,D,H1,12.1
O5-D1k-H1,O5,D1k,D,H1,13.2
O5-D1l-H1,O5,D1l,D,H1,14.4
O5-D1m-H1,O5,D1m,D,H1,12
O5-D1n-H1,O5,D1n,D,H1,5.2
O5-E1a-H1,O5,E1a,E,H1,12.1
O5-E1b-H1,O5,E1b,E,H1,15
O5-E1c-H1,O5,E1c,E,H1,9.3
O5-E1d-H1,O5,E1d,E,H1,17.6
O5-E1e-H1,O5,E1e,E,H1,11.1
O5-E1f-H1,O5,E1f,E,H1,11.3
O5-E1g-H1,O5,E1g,E,H1,11.9
O5-E1h-H1,O5,E1h,E,H1,8.3
O5-E1i-H1,O5,E1i,E,H1,13.1
O5-E1j-H1,O5,E1j,E,H1,14.2
O5-E1k-H1,O5,E1k,E,H1,15.6
O5-E1l-H1,O5,E1l,E,H1,14.2
O5-E1m-H1,O5,E1m,E,H1,12.5
O5-E1n-H1,O5,E1n,E,H1,7.9
O5-F1a-H1,O5,F1a,F,H1,10
O5-F1b-H1,O5,F1b,F,H1,13.3
O5-F1c-H1,O5,F1c,F,H1,5.9
O5-F1d-H1,O5,F1d,F,H1,16.3
O5-F1e-H1,O5,F1e,F,H1,9.3
O5-F1f-H1,O5,F1f,F,H1,8.9
O5-F1h-H1,O5,F1h,F,H1,6.7
O5-F1j-H1,O5,F1j,F,H1,13.9
O5-F1k-H1,O5,F1k,F,H1,16.1
O5-F1l-H1,O5,F1l,F,H1,12.6
O5-F1m-H1,O5,F1m,F,H1,13.9
O5-G1a-H1,O5,G1a,G,H1,11.3
O5-G1b-H1,O5,G1b,G,H1,14.8
O5-G1c-H1,O5,G1c,G,H1,7.3
O5-G1d-H1,O5,G1d,G,H1,18.7
O5-G1e-H1,O5,G1e,G,H1,10.6
O5-G1f-H1,O5,G1f,G,H1,9.2
O5-G1g-H1,O5,G1g,G,H1,11
O5-G1h-H1,O5,G1h,G,H1,6.8
O5-G1i-H1,O5,G1i,G,H1,13.7
O5-G1j-H1,O5,G1j,G,H1,14.6
O5-G1k-H1,O5,G1k,G,H1,17.1
O5-G1l-H1,O5,G1l,G,H1,15.6
O5-G1m-H1,O5,G1m,G,H1,13.7
O5-G1n-H1,O5,G1n,G,H1,5.4
O5-H1a-H1,O5,H1a,H,H1,10.5
O5-H1b-H1,O5,H1b,H,H1,12.9
O5-H1c-H1,O5,H1c,H,H1,7.9
O5-H1d-H1,O5,H1d,H,H1,14.6
O5-H1e-H1,O5,H1e,H,H1,8.7
O5-H1f-H1,O5,H1f,H,H1,10.6
O5-H1h-H1,O5,H1h,H,H1,7.9
O5-H1j-H1,O5,H1j,H,H1,12.6
O5-H1k-H1,O5,H1k,H,H1,13.6
O5-H1l-H1,O5,H1l,H,H1,12.3
O5-H1m-H1,O5,H1m,H,H1,11
O5-H1n-H1,O5,H1n,H,H1,7.3
O5-I1a-H1,O5,I1a,I,H1,7.8
O5-I1b-H1,O5,I1b,I,H1,10.7
O5-I1c-H1,O5,I1c,I,H1,6
O5-I1d-H1,O5,I1d,I,H1,11.1
O5-I1e-H1,O5,I1e,I,H1,9.8
O5-I1f-H1,O5,I1f,I,H1,8.1
O5-I1h-H1,O5,I1h,I,H1,5.1
O5-I1j-H1,O5,I1j,I,H1,10.8
O5-I1k-H1,O5,I1k,I,H1,9.5
O5-I1l-H1,O5,I1l,I,H1,10.3
O5-I1m-H1,O5,I1m,I,H1,7.6
O5-I1n-H1,O5,I1n,I,H1,6.4
O5-J1a-H1,O5,J1a,J,H1,9.6
O5-J1b-H1,O5,J1b,J,H1,10.2
O5-J1c-H1,O5,J1c,J,H1,8.9
O5-J1d-H1,O5,J1d,J,H1,10.5
O5-J1e-H1,O5,J1e,J,H1,9.8
O5-J1f-H1,O5,J1f,J,H1,9.4
O5-J1h-H1,O5,J1h,J,H1,9.3
O5-J1i-H1,O5,J1i,J,H1,9.5
O5-J1j-H1,O5,J1j,J,H1,10.4
O5-J1k-H1,O5,J1k,J,H1,11.2
O5-J1l-H1,O5,J1l,J,H1,10.1
O5-J1m-H1,O5,J1m,J,H1,9.7
O5-J1n-H1,O5,J1n,J,H1,9.6
O5-SI1-H1,O5,SI1,I,H1,7.9
O5-SI2-H1,O5,SI2,I,H1,8.4
O5-SI3-H1,O5,SI3,I,H1,8.2
O6-A1a-H1,O6,A1a,A,H1,11.8
O6-A1b-H1,O6,A1b,A,H1,16.4
O6-A1d-H1,O6,A1d,A,H1,18.7
O6-A1e-H1,O6,A1e,A,H1,10.4
O6-A1f-H1,O6,A1f,A,H1,10.4
O6-A1h-H1,O6,A1h,A,H1,12
O6-A1i-H1,O6,A1i,A,H1,11.5
O6-A1j-H1,O6,A1j,A,H1,13.9
O6-A1k-H1,O6,A1k,A,H1,17.2
O6-A1l-H1,O6,A1l,A,H1,15.7
O6-A1m-H1,O6,A1m,A,H1,13.5
O6-B1a-H1,O6,B1a,B,H1,10.3
O6-B1a-H3,O6,B1a,B,H3,12.7
O6-B1b-H1,O6,B1b,B,H1,14.8
O6-B1b-H2,O6,B1b,B,H2,12.5
O6-B1b-H3,O6,B1b,B,H3,12.8
O6-B1c-H1,O6,B1c,B,H1,10.7
O6-B1c-H2,O6,B1c,B,H2,11
O6-B1c-H3,O6,B1c,B,H3,12.5
O6-B1d-H1,O6,B1d,B,H1,16.1
O6-B1d-H2,O6,B1d,B,H2,13.3
O6-B1d-H3,O6,B1d,B,H3,13.2
O6-B1e-H1,O6,B1e,B,H1,10.2
O6-B1e-H2,O6,B1e,B,H2,12.1
O6-B1e-H3,O6,B1e,B,H3,13.2
O6-B1f-H1,O6,B1f,B,H1,10.9
O6-B1f-H2,O6,B1f,B,H2,12.2
O6-B1f-H3,O6,B1f,B,H3,13.3
O6-B1g-H1,O6,B1g,B,H1,11.4
O6-B1g-H2,O6,B1g,B,H2,13.2
O6-B1g-H3,O6,B1g,B,H3,13.9
O6-B1h-H1,O6,B1h,B,H1,10.9
O6-B1h-H2,O6,B1h,B,H2,10.7
O6-B1h-H3,O6,B1h,B,H3,11.6
O6-B1j-H1,O6,B1j,B,H1,13.5
O6-B1j-H2,O6,B1j,B,H2,12.7
O6-B1j-H3,O6,B1j,B,H3,13
O6-B1k-H1,O6,B1k,B,H1,14.7
O6-B1k-H2,O6,B1k,B,H2,13.1
O6-B1k-H3,O6,B1k,B,H3,12.9
O6-B1l-H1,O6,B1l,B,H1,13.6
O6-B1l-H2,O6,B1l,B,H2,12.8
O6-B1l-H3,O6,B1l,B,H3,13
O6-B1m-H1,O6,B1m,B,H1,10.9
O6-B1m-H2,O6,B1m,B,H2,12.5
O6-B1m-H3,O6,B1m,B,H3,13.1
O6-B1n-H2,O6,B1n,B,H2,9.1
O6-B1n-H3,O6,B1n,B,H3,11.4
O6-B2a-H1,O6,B2a,B,H1,10.3
O6-B2a-H2,O6,B2a,B,H2,13.2
O6-B2b-H1,O6,B2b,B,H1,14.3
O6-B2b-H2,O6,B2b,B,H2,14
O6-B2c-H2,O6,B2c,B,H2,14
O6-B2d-H1,O6,B2d,B,H1,15.1
O6-B2d-H2,O6,B2d,B,H2,14.4
O6-B2e-H1,O6,B2e,B,H1,11.1
O6-B2e-H2,O6,B2e,B,H2,12.8
O6-B2f-H1,O6,B2f,B,H1,10.4
O6-B2f-H2,O6,B2f,B,H2,13.4
O6-B2g-H2,O6,B2g,B,H2,13.2
O6-B2h-H1,O6,B2h,B,H1,10.1
O6-B2h-H2,O6,B2h,B,H2,12.5
O6-B2j-H1,O6,B2j,B,H1,13.3
O6-B2j-H2,O6,B2j,B,H2,13.8
O6-B2k-H1,O6,B2k,B,H1,14
O6-B2k-H2,O6,B2k,B,H2,13.4
O6-B2l-H1,O6,B2l,B,H1,12.6
O6-B2l-H2,O6,B2l,B,H2,13.2
O6-B2m-H1,O6,B2m,B,H1,9.9
O6-B2m-H2,O6,B2m,B,H2,13.4
O6-B2n-H2,O6,B2n,B,H2,6.3
O6-C1a-H1,O6,C1a,C,H1,11.5
O6-C1b-H1,O6,C1b,C,H1,14.9
O6-C1d-H1,O6,C1d,C,H1,16.6
O6-C1f-H1,O6,C1f,C,H1,10.8
O6-C1g-H1,O6,C1g,C,H1,11.5
O6-C1h-H1,O6,C1h,C,H1,9.2
O6-C1i-H1,O6,C1i,C,H1,12.6
O6-C1j-H1,O6,C1j,C,H1,13.9
O6-C1k-H1,O6,C1k,C,H1,15.2
O6-C1l-H1,O6,C1l,C,H1,13.9
O6-C1m-H1,O6,C1m,C,H1,11.6
O6-D1a-H1,O6,D1a,D,H1,11.5
O6-D1b-H1,O6,D1b,D,H1,14.1
O6-D1d-H1,O6,D1d,D,H1,16
O6-D1f-H1,O6,D1f,D,H1,6.7
O6-D1h-H1,O6,D1h,D,H1,9.4
O6-D1j-H1,O6,D1j,D,H1,13.7
O6-D1k-H1,O6,D1k,D,H1,16.2
O6-D1l-H1,O6,D1l,D,H1,14
O6-D1m-H1,O6,D1m,D,H1,11.4
O6-E1a-H1,O6,E1a,E,H1,12.9
O6-E1b-H1,O6,E1b,E,H1,16.2
O6-E1d-H1,O6,E1d,E,H1,17.5
O6-E1e-H1,O6,E1e,E,H1,11.5
O6-E1f-H1,O6,E1f,E,H1,11.8
O6-E1g-H1,O6,E1g,E,H1,11
O6-E1h-H1,O6,E1h,E,H1,10.3
O6-E1i-H1,O6,E1i,E,H1,13.4
O6-E1j-H1,O6,E1j,E,H1,14.8
O6-E1k-H1,O6,E1k,E,H1,16.4
O6-E1l-H1,O6,E1l,E,H1,15.7
O6-E1m-H1,O6,E1m,E,H1,12.7
O6-F1a-H1,O6,F1a,F,H1,12.7
O6-F1b-H1,O6,F1b,F,H1,15.5
O6-F1d-H1,O6,F1d,F,H1,17.4
O6-F1e-H1,O6,F1e,F,H1,12.5
O6-F1f-H1,O6,F1f,F,H1,11.9
O6-F1h-H1,O6,F1h,F,H1,12
O6-F1j-H1,O6,F1j,F,H1,14.9
O6-F1k-H1,O6,F1k,F,H1,17
O6-F1l-H1,O6,F1l,F,H1,14.8
O6-F1m-H1,O6,F1m,F,H1,16.4
O6-G1a-H1,O6,G1a,G,H1,10.4
O6-G1b-H1,O6,G1b,G,H1,16
O6-G1d-H1,O6,G1d,G,H1,18.4
O6-G1e-H1,O6,G1e,G,H1,10.2
O6-G1f-H1,O6,G1f,G,H1,12.2
O6-G1g-H1,O6,G1g,G,H1,11.9
O6-G1h-H1,O6,G1h,G,H1,12.1
O6-G1i-H1,O6,G1i,G,H1,12.6
O6-G1j-H1,O6,G1j,G,H1,15.2
O6-G1k-H1,O6,G1k,G,H1,17.9
O6-G1l-H1,O6,G1l,G,H1,15.4
O6-G1m-H1,O6,G1m,G,H1,11.9
O6-H1a-H1,O6,H1a,H,H1,12
O6-H1b-H1,O6,H1b,H,H1,15.2
O6-H1d-H1,O6,H1d,H,H1,15.4
O6-H1e-H1,O6,H1e,H,H1,11.3
O6-H1f-H1,O6,H1f,H,H1,11.4
O6-H1h-H1,O6,H1h,H,H1,10.3
O6-H1j-H1,O6,H1j,H,H1,14.2
O6-H1k-H1,O6,H1k,H,H1,15
O6-H1l-H1,O6,H1l,H,H1,14.2
O6-H1m-H1,O6,H1m,H,H1,11.8
O6-I1a-H1,O6,I1a,I,H1,6.8
O6-I1b-H1,O6,I1b,I,H1,10.9
O6-I1c-H1,O6,I1c,I,H1,5.5
O6-I1d-H1,O6,I1d,I,H1,11.5
O6-I1e-H1,O6,I1e,I,H1,8
O6-I1f-H1,O6,I1f,I,H1,7.9
O6-I1h-H1,O6,I1h,I,H1,7.1
O6-I1j-H1,O6,I1j,I,H1,10.1
O6-I1k-H1,O6,I1k,I,H1,9.9
O6-I1l-H1,O6,I1l,I,H1,8.4
O6-I1m-H1,O6,I1m,I,H1,7.1
O6-I1n-H1,O6,I1n,I,H1,7.9
O6-J1a-H1,O6,J1a,J,H1,9.5
O6-J1b-H1,O6,J1b,J,H1,10.1
O6-J1d-H1,O6,J1d,J,H1,10.3
O6-J1e-H1,O6,J1e,J,H1,9.9
O6-J1f-H1,O6,J1f,J,H1,9.5
O6-J1h-H1,O6,J1h,J,H1,9.4
O6-J1i-H1,O6,J1i,J,H1,9.7
O6-J1j-H1,O6,J1j,J,H1,9.7
O6-J1k-H1,O6,J1k,J,H1,10.6
O6-J1l-H1,O6,J1l,J,H1,9.7
O6-J1m-H1,O6,J1m,J,H1,9.3
O6-J1n-H1,O6,J1n,J,H1,8.1
O6-SI1-H1,O6,SI1,I,H1,6.9
O6-SI2-H1,O6,SI2,I,H1,8.1
O6-SI3-H1,O6,SI3,I,H1,7.1
S1-A1a-H1,S1,A1a,A,H1,23.1
S1-A1b-H1,S1,A1b,A,H1,27.6
S1-A1c-H1,S1,A1c,A,H1,14.1
S1-A1d-H1,S1,A1d,A,H1,30
S1-A1e-H1,S1,A1e,A,H1,18.2
S1-A1f-H1,S1,A1f,A,H1,18.1
S1-A1h-H1,S1,A1h,A,H1,19
S1-A1i-H1,S1,A1i,A,H1,27.6
S1-A1m-H1,S1,A1m,A,H1,25.4
S1-A1n-H1,S1,A1n,A,H1,11.8
S1-B1a-H1,S1,B1a,B,H1,20.4
S1-B1a-H3,S1,B1a,B,H3,24.3
S1-B1b-H1,S1,B1b,B,H1,23.2
S1-B1b-H2,S1,B1b,B,H2,22.6
S1-B1b-H3,S1,B1b,B,H3,25.3
S1-B1c-H1,S1,B1c,B,H1,12.8
S1-B1c-H2,S1,B1c,B,H2,20.7
S1-B1c-H3,S1,B1c,B,H3,24.4
S1-B1d-H1,S1,B1d,B,H1,25.5
S1-B1d-H2,S1,B1d,B,H2,25.2
S1-B1d-H3,S1,B1d,B,H3,26.1
S1-B1e-H1,S1,B1e,B,H1,16.3
S1-B1e-H2,S1,B1e,B,H2,21.3
S1-B1e-H3,S1,B1e,B,H3,24.7
S1-B1f-H1,S1,B1f,B,H1,16
S1-B1f-H2,S1,B1f,B,H2,21.5
S1-B1f-H3,S1,B1f,B,H3,25.3
S1-B1g-H1,S1,B1g,B,H1,16.9
S1-B1g-H2,S1,B1g,B,H2,23.1
S1-B1g-H3,S1,B1g,B,H3,25
S1-B1h-H1,S1,B1h,B,H1,15
S1-B1h-H2,S1,B1h,B,H2,19.5
S1-B1h-H3,S1,B1h,B,H3,23.1
S1-B1m-H1,S1,B1m,B,H1,20.6
S1-B1m-H2,S1,B1m,B,H2,20.1
S1-B1m-H3,S1,B1m,B,H3,24.2
S1-B1n-H1,S1,B1n,B,H1,10.5
S1-B1n-H2,S1,B1n,B,H2,20.7
S1-B1n-H3,S1,B1n,B,H3,24.2
S1-B2a-H1,S1,B2a,B,H1,17.5
S1-B2a-H2,S1,B2a,B,H2,24.9
S1-B2b-H1,S1,B2b,B,H1,20.7
S1-B2b-H2,S1,B2b,B,H2,27.8
S1-B2c-H1,S1,B2c,B,H1,10.3
S1-B2c-H2,S1,B2c,B,H2,25.8
S1-B2d-H1,S1,B2d,B,H1,22.6
S1-B2d-H2,S1,B2d,B,H2,27.7
S1-B2e-H1,S1,B2e,B,H1,15.7
S1-B2e-H2,S1,B2e,B,H2,25.6
S1-B2f-H1,S1,B2f,B,H1,15.4
S1-B2f-H2,S1,B2f,B,H2,25.8
S1-B2g-H2,S1,B2g,B,H2,27.1
S1-B2h-H1,S1,B2h,B,H1,13.4
S1-B2h-H2,S1,B2h,B,H2,24.5
S1-B2m-H1,S1,B2m,B,H1,18.1
S1-B2m-H2,S1,B2m,B,H2,24
S1-B2n-H1,S1,B2n,B,H1,9.8
S1-B2n-H2,S1,B2n,B,H2,25
S1-C1a-H1,S1,C1a,C,H1,15.7
S1-C1b-H1,S1,C1b,C,H1,19.2
S1-C1c-H1,S1,C1c,C,H1,9.8
S1-C1d-H1,S1,C1d,C,H1,21.4
S1-C1e-H1,S1,C1e,C,H1,13.5
S1-C1f-H1,S1,C1f,C,H1,13
S1-C1g-H1,S1,C1g,C,H1,14.7
S1-C1h-H1,S1,C1h,C,H1,10.9
S1-C1i-H1,S1,C1i,C,H1,18.9
S1-C1m-H1,S1,C1m,C,H1,16.5
S1-C1n-H1,S1,C1n,C,H1,7.3
S1-D1a-H1,S1,D1a,D,H1,13.7
S1-D1b-H1,S1,D1b,D,H1,17.8
S1-D1c-H1,S1,D1c,D,H1,8.4
S1-D1d-H1,S1,D1d,D,H1,19.5
S1-D1e-H1,S1,D1e,D,H1,15.1
S1-D1f-H1,S1,D1f,D,H1,13.2
S1-D1h-H1,S1,D1h,D,H1,10.2
S1-D1m-H1,S1,D1m,D,H1,15.1
S1-D1n-H1,S1,D1n,D,H1,8.8
S1-E1a-H1,S1,E1a,E,H1,18.7
S1-E1b-H1,S1,E1b,E,H1,21.8
S1-E1c-H1,S1,E1c,E,H1,12.8
S1-E1d-H1,S1,E1d,E,H1,24.7
S1-E1e-H1,S1,E1e,E,H1,15.7
S1-E1f-H1,S1,E1f,E,H1,15.8
S1-E1g-H1,S1,E1g,E,H1,15.6
S1-E1h-H1,S1,E1h,E,H1,13.8
S1-E1i-H1,S1,E1i,E,H1,21.7
S1-E1m-H1,S1,E1m,E,H1,19.1
S1-E1n-H1,S1,E1n,E,H1,10.1
S1-F1a-H1,S1,F1a,F,H1,15.4
S1-F1b-H1,S1,F1b,F,H1,18.8
S1-F1c-H1,S1,F1c,F,H1,9.4
S1-F1d-H1,S1,F1d,F,H1,23.8
S1-F1e-H1,S1,F1e,F,H1,15.1
S1-F1f-H1,S1,F1f,F,H1,14.2
S1-F1h-H1,S1,F1h,F,H1,11.1
S1-F1m-H1,S1,F1m,F,H1,19.5
S1-F1n-H1,S1,F1n,F,H1,10.4
S1-G1a-H1,S1,G1a,G,H1,16.8
S1-G1b-H1,S1,G1b,G,H1,19
S1-G1c-H1,S1,G1c,G,H1,9.8
S1-G1d-H1,S1,G1d,G,H1,24.4
S1-G1e-H1,S1,G1e,G,H1,14.5
S1-G1f-H1,S1,G1f,G,H1,13.9
S1-G1g-H1,S1,G1g,G,H1,16.7
S1-G1h-H1,S1,G1h,G,H1,11.5
S1-G1i-H1,S1,G1i,G,H1,20
S1-G1m-H1,S1,G1m,G,H1,20.6
S1-G1n-H1,S1,G1n,G,H1,10.6
S1-H1a-H1,S1,H1a,H,H1,16.7
S1-H1b-H1,S1,H1b,H,H1,19.6
S1-H1c-H1,S1,H1c,H,H1,10.2
S1-H1d-H1,S1,H1d,H,H1,22
S1-H1e-H1,S1,H1e,H,H1,14.7
S1-H1f-H1,S1,H1f,H,H1,14.8
S1-H1h-H1,S1,H1h,H,H1,12.6
S1-H1m-H1,S1,H1m,H,H1,16.8
S1-H1n-H1,S1,H1n,H,H1,10.3
S1-I1a-H1,S1,I1a,I,H1,13.4
S1-I1b-H1,S1,I1b,I,H1,17.8
S1-I1c-H1,S1,I1c,I,H1,12.2
S1-I1d-H1,S1,I1d,I,H1,18.3
S1-I1e-H1,S1,I1e,I,H1,15.6
S1-I1f-H1,S1,I1f,I,H1,14.9
S1-I1h-H1,S1,I1h,I,H1,12.2
S1-I1m-H1,S1,I1m,I,H1,12.5
S1-I1n-H1,S1,I1n,I,H1,11.9
S1-J1a-H1,S1,J1a,J,H1,15.7
S1-J1b-H1,S1,J1b,J,H1,16.3
S1-J1c-H1,S1,J1c,J,H1,14.3
S1-J1d-H1,S1,J1d,J,H1,17
S1-J1e-H1,S1,J1e,J,H1,17.3
S1-J1f-H1,S1,J1f,J,H1,17
S1-J1h-H1,S1,J1h,J,H1,14.9
S1-J1i-H1,S1,J1i,J,H1,15.7
S1-J1m-H1,S1,J1m,J,H1,15.8
S1-J1n-H1,S1,J1n,J,H1,14.8
S1-SI1-H1,S1,SI1,I,H1,13.5
S1-SI2-H1,S1,SI2,I,H1,13.4
S1-SI3-H1,S1,SI3,I,H1,13.6
S2-A1a-H1,S2,A1a,A,H1,21.4
S2-A1b-H1,S2,A1b,A,H1,26.2
S2-A1c-H1,S2,A1c,A,H1,12.3
S2-A1d-H1,S2,A1d,A,H1,28.3
S2-A1e-H1,S2,A1e,A,H1,17.4
S2-A1f-H1,S2,A1f,A,H1,16.7
S2-A1h-H1,S2,A1h,A,H1,18.1
S2-A1i-H1,S2,A1i,A,H1,25.6
S2-A1j-H1,S2,A1j,A,H1,24.7
S2-A1k-H1,S2,A1k,A,H1,29.9
S2-A1l-H1,S2,A1l,A,H1,23.3
S2-A1m-H1,S2,A1m,A,H1,23.7
S2-A1n-H1,S2,A1n,A,H1,10.8
S2-B1a-H1,S2,B1a,B,H1,18.8
S2-B1a-H3,S2,B1a,B,H3,23.1
S2-B1b-H1,S2,B1b,B,H1,22.1
S2-B1b-H2,S2,B1b,B,H2,21.8
S2-B1b-H3,S2,B1b,B,H3,24.4
S2-B1c-H1,S2,B1c,B,H1,10.6
S2-B1c-H2,S2,B1c,B,H2,19.3
S2-B1c-H3,S2,B1c,B,H3,23.1
S2-B1d-H1,S2,B1d,B,H1,24.3
S2-B1d-H2,S2,B1d,B,H2,22.7
S2-B1d-H3,S2,B1d,B,H3,24.3
S2-B1e-H1,S2,B1e,B,H1,17.1
S2-B1e-H2,S2,B1e,B,H2,20.5
S2-B1e-H3,S2,B1e,B,H3,23.8
S2-B1f-H1,S2,B1f,B,H1,15.6
S2-B1f-H2,S2,B1f,B,H2,20.8
S2-B1f-H3,S2,B1f,B,H3,23.5
S2-B1g-H1,S2,B1g,B,H1,17.3
S2-B1g-H2,S2,B1g,B,H2,23.4
S2-B1g-H3,S2,B1g,B,H3,24.3
S2-B1h-H1,S2,B1h,B,H1,16.2
S2-B1h-H2,S2,B1h,B,H2,20.7
S2-B1h-H3,S2,B1h,B,H3,23.4
S2-B1j-H1,S2,B1j,B,H1,22.3
S2-B1j-H2,S2,B1j,B,H2,21.4
S2-B1j-H3,S2,B1j,B,H3,24.1
S2-B1k-H1,S2,B1k,B,H1,26.5
S2-B1k-H2,S2,B1k,B,H2,21.6
S2-B1k-H3,S2,B1k,B,H3,24.9
S2-B1l-H1,S2,B1l,B,H1,20.9
S2-B1l-H2,S2,B1l,B,H2,20.6
S2-B1l-H3,S2,B1l,B,H3,23.3
S2-B1m-H1,S2,B1m,B,H1,21.8
S2-B1m-H2,S2,B1m,B,H2,20
S2-B1m-H3,S2,B1m,B,H3,22.9
S2-B1n-H1,S2,B1n,B,H1,10.2
S2-B1n-H2,S2,B1n,B,H2,20.9
S2-B1n-H3,S2,B1n,B,H3,23.5
S2-B2a-H1,S2,B2a,B,H1,17.5
S2-B2a-H2,S2,B2a,B,H2,23.4
S2-B2b-H1,S2,B2b,B,H1,19.5
S2-B2b-H2,S2,B2b,B,H2,25.5
S2-B2c-H1,S2,B2c,B,H1,9.7
S2-B2c-H2,S2,B2c,B,H2,24.9
S2-B2d-H1,S2,B2d,B,H1,21.8
S2-B2d-H2,S2,B2d,B,H2,27
S2-B2e-H1,S2,B2e,B,H1,15
S2-B2e-H2,S2,B2e,B,H2,24.3
S2-B2f-H1,S2,B2f,B,H1,14.6
S2-B2f-H2,S2,B2f,B,H2,24.9
S2-B2g-H2,S2,B2g,B,H2,26.6
S2-B2h-H1,S2,B2h,B,H1,13.9
S2-B2h-H2,S2,B2h,B,H2,24
S2-B2j-H1,S2,B2j,B,H1,20.4
S2-B2j-H2,S2,B2j,B,H2,25.4
S2-B2k-H1,S2,B2k,B,H1,23.6
S2-B2k-H2,S2,B2k,B,H2,26
S2-B2l-H1,S2,B2l,B,H1,16.2
S2-B2l-H2,S2,B2l,B,H2,23.6
S2-B2m-H1,S2,B2m,B,H1,19.3
S2-B2m-H2,S2,B2m,B,H2,23.4
S2-B2n-H1,S2,B2n,B,H1,11.1
S2-B2n-H2,S2,B2n,B,H2,23.8
S2-C1a-H1,S2,C1a,C,H1,14.8
S2-C1b-H1,S2,C1b,C,H1,18.6
S2-C1c-H1,S2,C1c,C,H1,10
S2-C1d-H1,S2,C1d,C,H1,21
S2-C1e-H1,S2,C1e,C,H1,14.4
S2-C1f-H1,S2,C1f,C,H1,12.7
S2-C1g-H1,S2,C1g,C,H1,16.2
S2-C1h-H1,S2,C1h,C,H1,12.2
S2-C1i-H1,S2,C1i,C,H1,18.2
S2-C1j-H1,S2,C1j,C,H1,17.7
S2-C1k-H1,S2,C1k,C,H1,21
S2-C1l-H1,S2,C1l,C,H1,15.6
S2-C1m-H1,S2,C1m,C,H1,16.9
S2-C1n-H1,S2,C1n,C,H1,6.8
S2-D1a-H1,S2,D1a,D,H1,13.9
S2-D1b-H1,S2,D1b,D,H1,17.1
S2-D1c-H1,S2,D1c,D,H1,8.6
S2-D1d-H1,S2,D1d,D,H1,19.6
S2-D1e-H1,S2,D1e,D,H1,13.7
S2-D1f-H1,S2,D1f,D,H1,11.1
S2-D1h-H1,S2,D1h,D,H1,10.7
S2-D1j-H1,S2,D1j,D,H1,17.7
S2-D1k-H1,S2,D1k,D,H1,19.9
S2-D1l-H1,S2,D1l,D,H1,14.9
S2-D1m-H1,S2,D1m,D,H1,16.4
S2-D1n-H1,S2,D1n,D,H1,8.7
S2-E1a-H1,S2,E1a,E,H1,17.4
S2-E1b-H1,S2,E1b,E,H1,21.6
S2-E1c-H1,S2,E1c,E,H1,11.9
S2-E1d-H1,S2,E1d,E,H1,23.3
S2-E1e-H1,S2,E1e,E,H1,14.7
S2-E1f-H1,S2,E1f,E,H1,14.8
S2-E1g-H1,S2,E1g,E,H1,14.4
S2-E1h-H1,S2,E1h,E,H1,15.3
S2-E1i-H1,S2,E1i,E,H1,20.6
S2-E1j-H1,S2,E1j,E,H1,20
S2-E1k-H1,S2,E1k,E,H1,22.9
S2-E1l-H1,S2,E1l,E,H1,18.5
S2-E1m-H1,S2,E1m,E,H1,18.2
S2-E1n-H1,S2,E1n,E,H1,9
S2-F1a-H1,S2,F1a,F,H1,14.7
S2-F1b-H1,S2,F1b,F,H1,18.2
S2-F1c-H1,S2,F1c,F,H1,9.4
S2-F1d-H1,S2,F1d,F,H1,23.3
S2-F1e-H1,S2,F1e,F,H1,15.4
S2-F1f-H1,S2,F1f,F,H1,12.3
S2-F1h-H1,S2,F1h,F,H1,12.5
S2-F1j-H1,S2,F1j,F,H1,19
S2-F1k-H1,S2,F1k,F,H1,23
S2-F1l-H1,S2,F1l,F,H1,19.3
S2-F1m-H1,S2,F1m,F,H1,19.8
S2-F1n-H1,S2,F1n,F,H1,11.7
S2-G1a-H1,S2,G1a,G,H1,16.3
S2-G1b-H1,S2,G1b,G,H1,19.5
S2-G1c-H1,S2,G1c,G,H1,10.1
S2-G1d-H1,S2,G1d,G,H1,23.5
S2-G1e-H1,S2,G1e,G,H1,14.6
S2-G1f-H1,S2,G1f,G,H1,13.2
S2-G1g-H1,S2,G1g,G,H1,17.6
S2-G1h-H1,S2,G1h,G,H1,12.4
S2-G1i-H1,S2,G1i,G,H1,18.9
S2-G1j-H1,S2,G1j,G,H1,18.8
S2-G1k-H1,S2,G1k,G,H1,23.9
S2-G1l-H1,S2,G1l,G,H1,19.2
S2-G1m-H1,S2,G1m,G,H1,20.2
S2-G1n-H1,S2,G1n,G,H1,10.8
S2-H1a-H1,S2,H1a,H,H1,16
S2-H1b-H1,S2,H1b,H,H1,18
S2-H1c-H1,S2,H1c,H,H1,10.2
S2-H1d-H1,S2,H1d,H,H1,20
S2-H1e-H1,S2,H1e,H,H1,14.7
S2-H1f-H1,S2,H1f,H,H1,14.6
S2-H1h-H1,S2,H1h,H,H1,15.2
S2-H1j-H1,S2,H1j,H,H1,18.7
S2-H1k-H1,S2,H1k,H,H1,21.8
S2-H1l-H1,S2,H1l,H,H1,16.3
S2-H1m-H1,S2,H1m,H,H1,17.8
S2-H1n-H1,S2,H1n,H,H1,10.7
S2-I1a-H1,S2,I1a,I,H1,11.7
S2-I1b-H1,S2,I1b,I,H1,16.1
S2-I1c-H1,S2,I1c,I,H1,10.8
S2-I1d-H1,S2,I1d,I,H1,16.8
S2-I1e-H1,S2,I1e,I,H1,13.8
S2-I1f-H1,S2,I1f,I,H1,13.8
S2-I1h-H1,S2,I1h,I,H1,12.3
S2-I1j-H1,S2,I1j,I,H1,15
S2-I1k-H1,S2,I1k,I,H1,15.3
S2-I1l-H1,S2,I1l,I,H1,14.7
S2-I1m-H1,S2,I1m,I,H1,12.1
S2-I1n-H1,S2,I1n,I,H1,10.6
S2-J1a-H1,S2,J1a,J,H1,15.9
S2-J1b-H1,S2,J1b,J,H1,17.4
S2-J1c-H1,S2,J1c,J,H1,14.6
S2-J1d-H1,S2,J1d,J,H1,17.5
S2-J1e-H1,S2,J1e,J,H1,16
S2-J1f-H1,S2,J1f,J,H1,15.5
S2-J1h-H1,S2,J1h,J,H1,15.6
S2-J1i-H1,S2,J1i,J,H1,16.2
S2-J1j-H1,S2,J1j,J,H1,16.7
S2-J1k-H1,S2,J1k,J,H1,17.5
S2-J1l-H1,S2,J1l,J,H1,16.6
S2-J1m-H1,S2,J1m,J,H1,16.2
S2-J1n-H1,S2,J1n,J,H1,14.4
S2-SI1-H1,S2,SI1,I,H1,11.9
S2-SI2-H1,S2,SI2,I,H1,12.4
S2-SI3-H1,S2,SI3,I,H1,12.6
S3-A1a-H1,S3,A1a,A,H1,21.6
S3-A1b-H1,S3,A1b,A,H1,26.5
S3-A1c-H1,S3,A1c,A,H1,13
S3-A1d-H1,S3,A1d,A,H1,30.4
S3-A1e-H1,S3,A1e,A,H1,16.5
S3-A1f-H1,S3,A1f,A,H1,17.1
S3-A1h-H1,S3,A1h,A,H1,18
S3-A1i-H1,S3,A1i,A,H1,26.5
S3-A1j-H1,S3,A1j,A,H1,25.3
S3-A1k-H1,S3,A1k,A,H1,31.3
S3-A1l-H1,S3,A1l,A,H1,23.7
S3-A1m-H1,S3,A1m,A,H1,24.5
S3-A1n-H1,S3,A1n,A,H1,10.8
S3-B1a-H1,S3,B1a,B,H1,19
S3-B1a-H3,S3,B1a,B,H3,23.6
S3-B1b-H1,S3,B1b,B,H1,22.5
S3-B1b-H2,S3,B1b,B,H2,22.3
S3-B1b-H3,S3,B1b,B,H3,24.3
S3-B1c-H1,S3,B1c,B,H1,11.2
S3-B1c-H2,S3,B1c,B,H2,19.9
S3-B1c-H3,S3,B1c,B,H3,23.6
S3-B1d-H1,S3,B1d,B,H1,25.4
S3-B1d-H2,S3,B1d,B,H2,23
S3-B1d-H3,S3,B1d,B,H3,25.3
S3-B1e-H1,S3,B1e,B,H1,15.8
S3-B1e-H2,S3,B1e,B,H2,20.2
S3-B1e-H3,S3,B1e,B,H3,24
S3-B1f-H1,S3,B1f,B,H1,15.1
S3-B1f-H2,S3,B1f,B,H2,20.6
S3-B1f-H3,S3,B1f,B,H3,24.1
S3-B1h-H1,S3,B1h,B,H1,15.9
S3-B1h-H2,S3,B1h,B,H2,20.2
S3-B1h-H3,S3,B1h,B,H3,23.7
S3-B1j-H1,S3,B1j,B,H1,22.7
S3-B1j-H2,S3,B1j,B,H2,21.7
S3-B1j-H3,S3,B1j,B,H3,24.6
S3-B1k-H1,S3,B1k,B,H1,26.8
S3-B1k-H2,S3,B1k,B,H2,22.2
S3-B1k-H3,S3,B1k,B,H3,24.6
S3-B1l-H1,S3,B1l,B,H1,20
S3-B1l-H2,S3,B1l,B,H2,20.3
S3-B1l-H3,S3,B1l,B,H3,23.8
S3-B1m-H1,S3,B1m,B,H1,19.9
S3-B1m-H2,S3,B1m,B,H2,19.4
S3-B1m-H3,S3,B1m,B,H3,23.5
S3-B1n-H1,S3,B1n,B,H1,9
S3-B1n-H2,S3,B1n,B,H2,20.3
S3-B1n-H3,S3,B1n,B,H3,23.8
S3-B2a-H1,S3,B2a,B,H1,16.9
S3-B2a-H2,S3,B2a,B,H2,23.1
S3-B2b-H1,S3,B2b,B,H1,19.7
S3-B2b-H2,S3,B2b,B,H2,26.8
S3-B2c-H1,S3,B2c,B,H1,9.4
S3-B2c-H2,S3,B2c,B,H2,24.4
S3-B2d-H1,S3,B2d,B,H1,22.7
S3-B2d-H2,S3,B2d,B,H2,26.6
S3-B2e-H1,S3,B2e,B,H1,14.1
S3-B2e-H2,S3,B2e,B,H2,23.4
S3-B2f-H1,S3,B2f,B,H1,13.9
S3-B2f-H2,S3,B2f,B,H2,24.7
S3-B2h-H1,S3,B2h,B,H1,13.7
S3-B2h-H2,S3,B2h,B,H2,25.1
S3-B2j-H1,S3,B2j,B,H1,20.2
S3-B2j-H2,S3,B2j,B,H2,24.8
S3-B2k-H1,S3,B2k,B,H1,23.1
S3-B2k-H2,S3,B2k,B,H2,25.9
S3-B2l-H1,S3,B2l,B,H1,16.2
S3-B2l-H2,S3,B2l,B,H2,23.9
S3-B2m-H1,S3,B2m,B,H1,17.3
S3-B2m-H2,S3,B2m,B,H2,22.9
S3-B2n-H1,S3,B2n,B,H1,8.3
S3-B2n-H2,S3,B2n,B,H2,23.3
S3-C1a-H1,S3,C1a,C,H1,14.7
S3-C1b-H1,S3,C1b,C,H1,18.7
S3-C1c-H1,S3,C1c,C,H1,8.8
S3-C1d-H1,S3,C1d,C,H1,20.6
S3-C1e-H1,S3,C1e,C,H1,12.6
S3-C1f-H1,S3,C1f,C,H1,11.8
S3-C1h-H1,S3,C1h,C,H1,13
S3-C1i-H1,S3,C1i,C,H1,17.5
S3-C1j-H1,S3,C1j,C,H1,18.5
S3-C1k-H1,S3,C1k,C,H1,21.2
S3-C1l-H1,S3,C1l,C,H1,16.3
S3-C1m-H1,S3,C1m,C,H1,15.9
S3-C1n-H1,S3,C1n,C,H1,6.3
S3-D1a-H1,S3,D1a,D,H1,12.7
S3-D1b-H1,S3,D1b,D,H1,17.4
S3-D1c-H1,S3,D1c,D,H1,7.7
S3-D1d-H1,S3,D1d,D,H1,19.9
S3-D1e-H1,S3,D1e,D,H1,11.9
S3-D1f-H1,S3,D1f,D,H1,10.9
S3-D1h-H1,S3,D1h,D,H1,10.9
S3-D1j-H1,S3,D1j,D,H1,17.4
S3-D1k-H1,S3,D1k,D,H1,19.5
S3-D1l-H1,S3,D1l,D,H1,14.2
S3-D1m-H1,S3,D1m,D,H1,14.4
S3-D1n-H1,S3,D1n,D,H1,7.6
S3-E1a-H1,S3,E1a,E,H1,17.6
S3-E1b-H1,S3,E1b,E,H1,21.7
S3-E1c-H1,S3,E1c,E,H1,11.6
S3-E1d-H1,S3,E1d,E,H1,24.4
S3-E1e-H1,S3,E1e,E,H1,14.9
S3-E1f-H1,S3,E1f,E,H1,14.8
S3-E1h-H1,S3,E1h,E,H1,15.3
S3-E1i-H1,S3,E1i,E,H1,20.3
S3-E1j-H1,S3,E1j,E,H1,20.7
S3-E1k-H1,S3,E1k,E,H1,23.7
S3-E1l-H1,S3,E1l,E,H1,19
S3-E1m-H1,S3,E1m,E,H1,18.2
S3-E1n-H1,S3,E1n,E,H1,9
S3-F1a-H1,S3,F1a,F,H1,14.6
S3-F1b-H1,S3,F1b,F,H1,18
S3-F1c-H1,S3,F1c,F,H1,8.5
S3-F1d-H1,S3,F1d,F,H1,23.1
S3-F1e-H1,S3,F1e,F,H1,13.7
S3-F1f-H1,S3,F1f,F,H1,13.7
S3-F1h-H1,S3,F1h,F,H1,12.4
S3-F1j-H1,S3,F1j,F,H1,17.9
S3-F1k-H1,S3,F1k,F,H1,22.4
S3-F1l-H1,S3,F1l,F,H1,17.9
S3-F1m-H1,S3,F1m,F,H1,19.1
S3-F1n-H1,S3,F1n,F,H1,8.8
S3-G1a-H1,S3,G1a,G,H1,15.7
S3-G1b-H1,S3,G1b,G,H1,19.3
S3-G1c-H1,S3,G1c,G,H1,9.2
S3-G1d-H1,S3,G1d,G,H1,23.2
S3-G1e-H1,S3,G1e,G,H1,14
S3-G1f-H1,S3,G1f,G,H1,12.6
S3-G1h-H1,S3,G1h,G,H1,13.3
S3-G1i-H1,S3,G1i,G,H1,18.9
S3-G1j-H1,S3,G1j,G,H1,19.7
S3-G1k-H1,S3,G1k,G,H1,24
S3-G1l-H1,S3,G1l,G,H1,18
S3-G1m-H1,S3,G1m,G,H1,19.2
S3-G1n-H1,S3,G1n,G,H1,9.5
S3-H1a-H1,S3,H1a,H,H1,15.3
S3-H1b-H1,S3,H1b,H,H1,18.7
S3-H1c-H1,S3,H1c,H,H1,9.7
S3-H1d-H1,S3,H1d,H,H1,21.1
S3-H1e-H1,S3,H1e,H,H1,13.6
S3-H1f-H1,S3,H1f,H,H1,13.6
S3-H1h-H1,S3,H1h,H,H1,14.1
S3-H1j-H1,S3,H1j,H,H1,18.5
S3-H1k-H1,S3,H1k,H,H1,20.6
S3-H1l-H1,S3,H1l,H,H1,15.8
S3-H1m-H1,S3,H1m,H,H1,15.9
S3-H1n-H1,S3,H1n,H,H1,9.6
S3-I1a-H1,S3,I1a,I,H1,12.6
S3-I1b-H1,S3,I1b,I,H1,17.7
S3-I1c-H1,S3,I1c,I,H1,11.4
S3-I1d-H1,S3,I1d,I,H1,18.3
S3-I1e-H1,S3,I1e,I,H1,12.7
S3-I1f-H1,S3,I1f,I,H1,13.4
S3-I1h-H1,S3,I1h,I,H1,13
S3-I1j-H1,S3,I1j,I,H1,15.7
S3-I1k-H1,S3,I1k,I,H1,16
S3-I1l-H1,S3,I1l,I,H1,13.5
S3-I1m-H1,S3,I1m,I,H1,11
S3-I1n-H1,S3,I1n,I,H1,11
S3-J1a-H1,S3,J1a,J,H1,15.3
S3-J1b-H1,S3,J1b,J,H1,17
S3-J1c-H1,S3,J1c,J,H1,13.5
S3-J1d-H1,S3,J1d,J,H1,17.2
S3-J1e-H1,S3,J1e,J,H1,15.3
S3-J1f-H1,S3,J1f,J,H1,14.8
S3-J1h-H1,S3,J1h,J,H1,14.7
S3-J1i-H1,S3,J1i,J,H1,15.3
S3-J1j-H1,S3,J1j,J,H1,16.2
S3-J1k-H1,S3,J1k,J,H1,17.6
S3-J1l-H1,S3,J1l,J,H1,16.3
S3-J1m-H1,S3,J1m,J,H1,15.5
S3-J1n-H1,S3,J1n,J,H1,14.1
S3-SI1-H1,S3,SI1,I,H1,12.6
S3-SI2-H1,S3,SI2,I,H1,12.1
S3-SI3-H1,S3,SI3,I,H1,12.1
S4-A1a-H1,S4,A1a,A,H1,22.9
S4-A1b-H1,S4,A1b,A,H1,26.5
S4-A1c-H1,S4,A1c,A,H1,14.6
S4-A1d-H1,S4,A1d,A,H1,29.3
S4-A1e-H1,S4,A1e,A,H1,19.5
S4-A1f-H1,S4,A1f,A,H1,18.7
S4-A1h-H1,S4,A1h,A,H1,19.4
S4-A1i-H1,S4,A1i,A,H1,26.8
S4-A1j-H1,S4,A1j,A,H1,26.2
S4-A1k-H1,S4,A1k,A,H1,31.4
S4-A1l-H1,S4,A1l,A,H1,24.2
S4-A1m-H1,S4,A1m,A,H1,25.6
S4-A1n-H1,S4,A1n,A,H1,12.4
S4-B1a-H2,S4,B1a,B,H2,20.5
S4-B1a-H3,S4,B1a,B,H3,24.8
S4-B1b-H1,S4,B1b,B,H1,23
S4-B1b-H2,S4,B1b,B,H2,23.1
S4-B1b-H3,S4,B1b,B,H3,25.6
S4-B1c-H1,S4,B1c,B,H1,13.3
S4-B1c-H2,S4,B1c,B,H2,21.1
S4-B1c-H3,S4,B1c,B,H3,24.4
S4-B1d-H1,S4,B1d,B,H1,24.7
S4-B1d-H2,S4,B1d,B,H2,23.9
S4-B1d-H3,S4,B1d,B,H3,26.2
S4-B1e-H1,S4,B1e,B,H1,17.4
S4-B1e-H2,S4,B1e,B,H2,21.6
S4-B1e-H3,S4,B1e,B,H3,25.1
S4-B1f-H1,S4,B1f,B,H1,17
S4-B1f-H2,S4,B1f,B,H2,21.8
S4-B1f-H3,S4,B1f,B,H3,25.2
S4-B1h-H1,S4,B1h,B,H1,17.7
S4-B1h-H2,S4,B1h,B,H2,22.4
S4-B1h-H3,S4,B1h,B,H3,24.8
S4-B1j-H1,S4,B1j,B,H1,23
S4-B1j-H2,S4,B1j,B,H2,22.6
S4-B1j-H3,S4,B1j,B,H3,25
S4-B1k-H1,S4,B1k,B,H1,27.1
S4-B1k-H2,S4,B1k,B,H2,23
S4-B1k-H3,S4,B1k,B,H3,26.1
S4-B1l-H1,S4,B1l,B,H1,20.8
S4-B1l-H2,S4,B1l,B,H2,22.6
S4-B1l-H3,S4,B1l,B,H3,24.6
S4-B1m-H1,S4,B1m,B,H1,21.5
S4-B1m-H2,S4,B1m,B,H2,20.8
S4-B1m-H3,S4,B1m,B,H3,24.9
S4-B1n-H1,S4,B1n,B,H1,11.3
S4-B1n-H2,S4,B1n,B,H2,21
S4-B1n-H3,S4,B1n,B,H3,24.9
S4-B2a-H1,S4,B2a,B,H1,17.6
S4-B2a-H2,S4,B2a,B,H2,24.8
S4-B2b-H1,S4,B2b,B,H1,19.4
S4-B2b-H2,S4,B2b,B,H2,27.4
S4-B2c-H1,S4,B2c,B,H1,11.2
S4-B2c-H2,S4,B2c,B,H2,25.6
S4-B2d-H1,S4,B2d,B,H1,21.4
S4-B2d-H2,S4,B2d,B,H2,27.4
S4-B2e-H1,S4,B2e,B,H1,16
S4-B2e-H2,S4,B2e,B,H2,24.7
S4-B2f-H1,S4,B2f,B,H1,15.4
S4-B2f-H2,S4,B2f,B,H2,25.8
S4-B2h-H1,S4,B2h,B,H1,15.5
S4-B2h-H2,S4,B2h,B,H2,25.7
S4-B2j-H1,S4,B2j,B,H1,21
S4-B2j-H2,S4,B2j,B,H2,26.1
S4-B2k-H1,S4,B2k,B,H1,24.4
S4-B2k-H2,S4,B2k,B,H2,27.5
S4-B2l-H1,S4,B2l,B,H1,16.9
S4-B2l-H2,S4,B2l,B,H2,25.2
S4-B2m-H1,S4,B2m,B,H1,19
S4-B2m-H2,S4,B2m,B,H2,24.1
S4-B2n-H1,S4,B2n,B,H1,10.7
S4-B2n-H2,S4,B2n,B,H2,25.2
S4-C1a-H1,S4,C1a,C,H1,16.1
S4-C1b-H1,S4,C1b,C,H1,19
S4-C1c-H1,S4,C1c,C,H1,10.8
S4-C1d-H1,S4,C1d,C,H1,21.5
S4-C1e-H1,S4,C1e,C,H1,14.9
S4-C1f-H1,S4,C1f,C,H1,13.7
S4-C1h-H1,S4,C1h,C,H1,14.3
S4-C1i-H1,S4,C1i,C,H1,18.9
S4-C1j-H1,S4,C1j,C,H1,19.2
S4-C1k-H1,S4,C1k,C,H1,21.9
S4-C1l-H1,S4,C1l,C,H1,16.3
S4-C1m-H1,S4,C1m,C,H1,17.5
S4-C1n-H1,S4,C1n,C,H1,9.4
S4-D1a-H1,S4,D1a,D,H1,14.3
S4-D1b-H1,S4,D1b,D,H1,17
S4-D1c-H1,S4,D1c,D,H1,9.2
S4-D1d-H1,S4,D1d,D,H1,19.3
S4-D1e-H1,S4,D1e,D,H1,13.7
S4-D1f-H1,S4,D1f,D,H1,12.7
S4-D1h-H1,S4,D1h,D,H1,12.7
S4-D1j-H1,S4,D1j,D,H1,18
S4-D1k-H1,S4,D1k,D,H1,19.6
S4-D1l-H1,S4,D1l,D,H1,15.3
S4-D1m-H1,S4,D1m,D,H1,16.4
S4-D1n-H1,S4,D1n,D,H1,9.9
S4-E1a-H1,S4,E1a,E,H1,18.6
S4-E1b-H1,S4,E1b,E,H1,21
S4-E1c-H1,S4,E1c,E,H1,13.2
S4-E1d-H1,S4,E1d,E,H1,23.9
S4-E1e-H1,S4,E1e,E,H1,16.2
S4-E1f-H1,S4,E1f,E,H1,16.2
S4-E1h-H1,S4,E1h,E,H1,16.7
S4-E1i-H1,S4,E1i,E,H1,21.2
S4-E1j-H1,S4,E1j,E,H1,21.5
S4-E1k-H1,S4,E1k,E,H1,24.1
S4-E1l-H1,S4,E1l,E,H1,19.8
S4-E1m-H1,S4,E1m,E,H1,19.4
S4-E1n-H1,S4,E1n,E,H1,11.2
S4-F1a-H1,S4,F1a,F,H1,15.4
S4-F1b-H1,S4,F1b,F,H1,18.5
S4-F1c-H1,S4,F1c,F,H1,10.8
S4-F1d-H1,S4,F1d,F,H1,22.5
S4-F1e-H1,S4,F1e,F,H1,15.6
S4-F1f-H1,S4,F1f,F,H1,13.5
S4-F1h-H1,S4,F1h,F,H1,13.6
S4-F1j-H1,S4,F1j,F,H1,18.8
S4-F1k-H1,S4,F1k,F,H1,22.8
S4-F1l-H1,S4,F1l,F,H1,19.8
S4-F1m-H1,S4,F1m,F,H1,20.2
S4-F1n-H1,S4,F1n,F,H1,11.2
S4-G1a-H1,S4,G1a,G,H1,17.4
S4-G1b-H1,S4,G1b,G,H1,19.7
S4-G1c-H1,S4,G1c,G,H1,10.9
S4-G1d-H1,S4,G1d,G,H1,24
S4-G1e-H1,S4,G1e,G,H1,15.7
S4-G1f-H1,S4,G1f,G,H1,14.5
S4-G1h-H1,S4,G1h,G,H1,14.7
S4-G1i-H1,S4,G1i,G,H1,20.2
S4-G1j-H1,S4,G1j,G,H1,20.2
S4-G1k-H1,S4,G1k,G,H1,24.3
S4-G1l-H1,S4,G1l,G,H1,19.1
S4-G1m-H1,S4,G1m,G,H1,21.5
S4-G1n-H1,S4,G1n,G,H1,11.9
S4-H1a-H1,S4,H1a,H,H1,16.2
S4-H1b-H1,S4,H1b,H,H1,18.3
S4-H1c-H1,S4,H1c,H,H1,11.1
S4-H1d-H1,S4,H1d,H,H1,20.3
S4-H1e-H1,S4,H1e,H,H1,14.5
S4-H1f-H1,S4,H1f,H,H1,14.6
S4-H1h-H1,S4,H1h,H,H1,15.4
S4-H1j-H1,S4,H1j,H,H1,19.1
S4-H1k-H1,S4,H1k,H,H1,21.1
S4-H1l-H1,S4,H1l,H,H1,16.1
S4-H1m-H1,S4,H1m,H,H1,17.1
S4-H1n-H1,S4,H1n,H,H1,11.4
S4-I1a-H1,S4,I1a,I,H1,13.6
S4-I1b-H1,S4,I1b,I,H1,17.7
S4-I1c-H1,S4,I1c,I,H1,12.7
S4-I1d-H1,S4,I1d,I,H1,18.2
S4-I1e-H1,S4,I1e,I,H1,15
S4-I1f-H1,S4,I1f,I,H1,14.8
S4-I1h-H1,S4,I1h,I,H1,15
S4-I1j-H1,S4,I1j,I,H1,15.9
S4-I1k-H1,S4,I1k,I,H1,17
S4-I1l-H1,S4,I1l,I,H1,15
S4-I1m-H1,S4,I1m,I,H1,13.2
S4-I1n-H1,S4,I1n,I,H1,12.2
S4-J1a-H1,S4,J1a,J,H1,16.7
S4-J1b-H1,S4,J1b,J,H1,18.7
S4-J1c-H1,S4,J1c,J,H1,16.2
S4-J1d-H1,S4,J1d,J,H1,18.9
S4-J1e-H1,S4,J1e,J,H1,17.6
S4-J1f-H1,S4,J1f,J,H1,16
S4-J1h-H1,S4,J1h,J,H1,16.1
S4-J1i-H1,S4,J1i,J,H1,17.2
S4-J1j-H1,S4,J1j,J,H1,18.2
S4-J1k-H1,S4,J1k,J,H1,19.6
S4-J1l-H1,S4,J1l,J,H1,18.2
S4-J1m-H1,S4,J1m,J,H1,16.5
S4-J1n-H1,S4,J1n,J,H1,15.4
S4-SI1-H1,S4,SI1,I,H1,13.7
S4-SI2-H1,S4,SI2,I,H1,13.9
S4-SI3-H1,S4,SI3,I,H1,13.6
S5-A1a-H1,S5,A1a,A,H1,23.4
S5-A1b-H1,S5,A1b,A,H1,27.2
S5-A1c-H1,S5,A1c,A,H1,14.9
S5-A1d-H1,S5,A1d,A,H1,29.1
S5-A1e-H1,S5,A1e,A,H1,19.9
S5-A1f-H1,S5,A1f,A,H1,18.9
S5-A1h-H1,S5,A1h,A,H1,20.2
S5-A1i-H1,S5,A1i,A,H1,27.4
S5-A1j-H1,S5,A1j,A,H1,26.9
S5-A1k-H1,S5,A1k,A,H1,32
S5-A1l-H1,S5,A1l,A,H1,24.5
S5-A1m-H1,S5,A1m,A,H1,25.2
S5-A1n-H1,S5,A1n,A,H1,13
S5-B1a-H1,S5,B1a,B,H1,20.8
S5-B1a-H3,S5,B1a,B,H3,24.8
S5-B1b-H1,S5,B1b,B,H1,23.9
S5-B1b-H2,S5,B1b,B,H2,24.3
S5-B1b-H3,S5,B1b,B,H3,26.1
S5-B1c-H1,S5,B1c,B,H1,13.6
S5-B1c-H2,S5,B1c,B,H2,21.6
S5-B1c-H3,S5,B1c,B,H3,24.1
S5-B1d-H1,S5,B1d,B,H1,25.8
S5-B1d-H2,S5,B1d,B,H2,25.1
S5-B1d-H3,S5,B1d,B,H3,26.6
S5-B1e-H1,S5,B1e,B,H1,18.2
S5-B1e-H2,S5,B1e,B,H2,22.9
S5-B1e-H3,S5,B1e,B,H3,25.2
S5-B1f-H1,S5,B1f,B,H1,17.7
S5-B1f-H2,S5,B1f,B,H2,22.8
S5-B1f-H3,S5,B1f,B,H3,25.1
S5-B1h-H1,S5,B1h,B,H1,17.5
S5-B1h-H2,S5,B1h,B,H2,22.5
S5-B1h-H3,S5,B1h,B,H3,25.2
S5-B1j-H1,S5,B1j,B,H1,24.7
S5-B1j-H2,S5,B1j,B,H2,24.1
S5-B1j-H3,S5,B1j,B,H3,25.6
S5-B1k-H1,S5,B1k,B,H1,27.8
S5-B1k-H2,S5,B1k,B,H2,23.7
S5-B1k-H3,S5,B1k,B,H3,26.3
S5-B1l-H1,S5,B1l,B,H1,21.2
S5-B1l-H2,S5,B1l,B,H2,22.7
S5-B1l-H3,S5,B1l,B,H3,24.9
S5-B1m-H1,S5,B1m,B,H1,22.5
S5-B1m-H2,S5,B1m,B,H2,22.2
S5-B1m-H3,S5,B1m,B,H3,25.2
S5-B1n-H1,S5,B1n,B,H1,12
S5-B1n-H2,S5,B1n,B,H2,21.9
S5-B1n-H3,S5,B1n,B,H3,25.5
S5-B2a-H1,S5,B2a,B,H1,18.7
S5-B2a-H2,S5,B2a,B,H2,25.2
S5-B2b-H1,S5,B2b,B,H1,20.4
S5-B2b-H2,S5,B2b,B,H2,28.2
S5-B2c-H1,S5,B2c,B,H1,12.1
S5-B2c-H2,S5,B2c,B,H2,25.8
S5-B2d-H1,S5,B2d,B,H1,23.1
S5-B2d-H2,S5,B2d,B,H2,28.7
S5-B2e-H1,S5,B2e,B,H1,17.2
S5-B2e-H2,S5,B2e,B,H2,25.3
S5-B2f-H1,S5,B2f,B,H1,16.2
S5-B2f-H2,S5,B2f,B,H2,27
S5-B2h-H1,S5,B2h,B,H1,16.2
S5-B2h-H2,S5,B2h,B,H2,26.1
S5-B2j-H1,S5,B2j,B,H1,22.4
S5-B2j-H2,S5,B2j,B,H2,27.1
S5-B2k-H1,S5,B2k,B,H1,24.7
S5-B2k-H2,S5,B2k,B,H2,27.5
S5-B2l-H1,S5,B2l,B,H1,18.3
S5-B2l-H2,S5,B2l,B,H2,25.5
S5-B2m-H1,S5,B2m,B,H1,20
S5-B2m-H2,S5,B2m,B,H2,24.9
S5-B2n-H1,S5,B2n,B,H1,12.1
S5-B2n-H2,S5,B2n,B,H2,25.3
S5-C1a-H1,S5,C1a,C,H1,17.3
S5-C1b-H1,S5,C1b,C,H1,20.1
S5-C1c-H1,S5,C1c,C,H1,11.8
S5-C1d-H1,S5,C1d,C,H1,21.8
S5-C1e-H1,S5,C1e,C,H1,15.8
S5-C1f-H1,S5,C1f,C,H1,14.9
S5-C1h-H1,S5,C1h,C,H1,15
S5-C1i-H1,S5,C1i,C,H1,19.8
S5-C1j-H1,S5,C1j,C,H1,21.3
S5-C1k-H1,S5,C1k,C,H1,23.5
S5-C1l-H1,S5,C1l,C,H1,17.9
S5-C1m-H1,S5,C1m,C,H1,18.8
S5-C1n-H1,S5,C1n,C,H1,10.8
S5-D1a-H1,S5,D1a,D,H1,15.3
S5-D1b-H1,S5,D1b,D,H1,18.5
S5-D1c-H1,S5,D1c,D,H1,11
S5-D1d-H1,S5,D1d,D,H1,20.6
S5-D1e-H1,S5,D1e,D,H1,15.5
S5-D1f-H1,S5,D1f,D,H1,13.6
S5-D1h-H1,S5,D1h,D,H1,14.4
S5-D1j-H1,S5,D1j,D,H1,19.3
S5-D1k-H1,S5,D1k,D,H1,20.4
S5-D1l-H1,S5,D1l,D,H1,16.8
S5-D1m-H1,S5,D1m,D,H1,17.5
S5-D1n-H1,S5,D1n,D,H1,11.6
S5-E1a-H1,S5,E1a,E,H1,19.3
S5-E1b-H1,S5,E1b,E,H1,22.4
S5-E1c-H1,S5,E1c,E,H1,14.3
S5-E1d-H1,S5,E1d,E,H1,24.6
S5-E1e-H1,S5,E1e,E,H1,16.7
S5-E1f-H1,S5,E1f,E,H1,16.9
S5-E1h-H1,S5,E1h,E,H1,17.4
S5-E1i-H1,S5,E1i,E,H1,22.3
S5-E1j-H1,S5,E1j,E,H1,22.4
S5-E1k-H1,S5,E1k,E,H1,24.8
S5-E1l-H1,S5,E1l,E,H1,20.5
S5-E1m-H1,S5,E1m,E,H1,20.6
S5-E1n-H1,S5,E1n,E,H1,12.7
S5-F1a-H1,S5,F1a,F,H1,16.7
S5-F1b-H1,S5,F1b,F,H1,19.4
S5-F1c-H1,S5,F1c,F,H1,12.1
S5-F1d-H1,S5,F1d,F,H1,23.8
S5-F1e-H1,S5,F1e,F,H1,16.7
S5-F1f-H1,S5,F1f,F,H1,14.6
S5-F1h-H1,S5,F1h,F,H1,14.5
S5-F1j-H1,S5,F1j,F,H1,20.2
S5-F1k-H1,S5,F1k,F,H1,24
S5-F1l-H1,S5,F1l,F,H1,20.2
S5-F1m-H1,S5,F1m,F,H1,21.9
S5-F1n-H1,S5,F1n,F,H1,13.4
S5-G1a-H1,S5,G1a,G,H1,17.6
S5-G1b-H1,S5,G1b,G,H1,20.7
S5-G1c-H1,S5,G1c,G,H1,11.8
S5-G1d-H1,S5,G1d,G,H1,24.7
S5-G1e-H1,S5,G1e,G,H1,16.7
S5-G1f-H1,S5,G1f,G,H1,15.9
S5-G1h-H1,S5,G1h,G,H1,15.4
S5-G1i-H1,S5,G1i,G,H1,21.2
S5-G1j-H1,S5,G1j,G,H1,21.4
S5-G1k-H1,S5,G1k,G,H1,25.7
S5-G1l-H1,S5,G1l,G,H1,20.2
S5-G1m-H1,S5,G1m,G,H1,22.2
S5-G1n-H1,S5,G1n,G,H1,12.4
S5-H1a-H1,S5,H1a,H,H1,17.4
S5-H1b-H1,S5,H1b,H,H1,19.3
S5-H1c-H1,S5,H1c,H,H1,12.3
S5-H1d-H1,S5,H1d,H,H1,21.1
S5-H1e-H1,S5,H1e,H,H1,15.6
S5-H1f-H1,S5,H1f,H,H1,15.9
S5-H1h-H1,S5,H1h,H,H1,16.4
S5-H1j-H1,S5,H1j,H,H1,20.5
S5-H1k-H1,S5,H1k,H,H1,21.9
S5-H1l-H1,S5,H1l,H,H1,18.9
S5-H1m-H1,S5,H1m,H,H1,18.3
S5-H1n-H1,S5,H1n,H,H1,12.3
S5-I1a-H1,S5,I1a,I,H1,14.1
S5-I1b-H1,S5,I1b,I,H1,18.1
S5-I1c-H1,S5,I1c,I,H1,13.3
S5-I1d-H1,S5,I1d,I,H1,18
S5-I1e-H1,S5,I1e,I,H1,16
S5-I1f-H1,S5,I1f,I,H1,15.3
S5-I1h-H1,S5,I1h,I,H1,15.5
S5-I1j-H1,S5,I1j,I,H1,16.9
S5-I1k-H1,S5,I1k,I,H1,17.3
S5-I1l-H1,S5,I1l,I,H1,15.9
S5-I1m-H1,S5,I1m,I,H1,14.4
S5-I1n-H1,S5,I1n,I,H1,13.3
S5-J1a-H1,S5,J1a,J,H1,17.4
S5-J1b-H1,S5,J1b,J,H1,19.1
S5-J1c-H1,S5,J1c,J,H1,16.6
S5-J1d-H1,S5,J1d,J,H1,19.3
S5-J1e-H1,S5,J1e,J,H1,17.8
S5-J1f-H1,S5,J1f,J,H1,17.4
S5-J1h-H1,S5,J1h,J,H1,17.5
S5-J1i-H1,S5,J1i,J,H1,17.8
S5-J1j-H1,S5,J1j,J,H1,18.5
S5-J1k-H1,S5,J1k,J,H1,20
S5-J1l-H1,S5,J1l,J,H1,18.6
S5-J1m-H1,S5,J1m,J,H1,17.8
S5-J1n-H1,S5,J1n,J,H1,16.9
S5-SI1-H1,S5,SI1,I,H1,14
S5-SI2-H1,S5,SI2,I,H1,14.4
S5-SI3-H1,S5,SI3,I,H1,14.7
S6-A1a-H1,S6,A1a,A,H1,23.9
S6-A1b-H1,S6,A1b,A,H1,27.5
S6-A1c-H1,S6,A1c,A,H1,15.3
S6-A1d-H1,S6,A1d,A,H1,30.2
S6-A1e-H1,S6,A1e,A,H1,20.1
S6-A1f-H1,S6,A1f,A,H1,19.1
S6-A1h-H1,S6,A1h,A,H1,20.3
S6-A1i-H1,S6,A1i,A,H1,28.1
S6-A1j-H1,S6,A1j,A,H1,27.3
S6-A1k-H1,S6,A1k,A,H1,32.5
S6-A1l-H1,S6,A1l,A,H1,25.2
S6-A1m-H1,S6,A1m,A,H1,25.8
S6-A1n-H1,S6,A1n,A,H1,13
S6-B1a-H1,S6,B1a,B,H1,20.6
S6-B1a-H3,S6,B1a,B,H3,25.4
S6-B1b-H1,S6,B1b,B,H1,23.9
S6-B1b-H2,S6,B1b,B,H2,24.4
S6-B1b-H3,S6,B1b,B,H3,26.5
S6-B1c-H1,S6,B1c,B,H1,13.7
S6-B1c-H2,S6,B1c,B,H2,22
S6-B1c-H3,S6,B1c,B,H3,25.4
S6-B1d-H1,S6,B1d,B,H1,25.4
S6-B1d-H2,S6,B1d,B,H2,25
S6-B1d-H3,S6,B1d,B,H3,27.4
S6-B1e-H1,S6,B1e,B,H1,17.6
S6-B1e-H2,S6,B1e,B,H2,22.6
S6-B1e-H3,S6,B1e,B,H3,25.7
S6-B1f-H1,S6,B1f,B,H1,17.6
S6-B1f-H2,S6,B1f,B,H2,22.7
S6-B1f-H3,S6,B1f,B,H3,26
S6-B1h-H1,S6,B1h,B,H1,17.9
S6-B1h-H2,S6,B1h,B,H2,22.8
S6-B1h-H3,S6,B1h,B,H3,26
S6-B1j-H1,S6,B1j,B,H1,24.5
S6-B1j-H2,S6,B1j,B,H2,23.4
S6-B1j-H3,S6,B1j,B,H3,26
S6-B1k-H1,S6,B1k,B,H1,27.7
S6-B1k-H2,S6,B1k,B,H2,23.7
S6-B1k-H3,S6,B1k,B,H3,26.5
S6-B1l-H1,S6,B1l,B,H1,20.7
S6-B1l-H2,S6,B1l,B,H2,23
S6-B1l-H3,S6,B1l,B,H3,25.6
S6-B1m-H1,S6,B1m,B,H1,22
S6-B1m-H2,S6,B1m,B,H2,21.1
S6-B1m-H3,S6,B1m,B,H3,26
S6-B1n-H1,S6,B1n,B,H1,11.6
S6-B1n-H2,S6,B1n,B,H2,21.5
S6-B1n-H3,S6,B1n,B,H3,25.8
S6-B2a-H1,S6,B2a,B,H1,17.8
S6-B2a-H2,S6,B2a,B,H2,26.1
S6-B2b-H1,S6,B2b,B,H1,20.6
S6-B2b-H2,S6,B2b,B,H2,28.3
S6-B2c-H1,S6,B2c,B,H1,11.8
S6-B2c-H2,S6,B2c,B,H2,26.7
S6-B2d-H1,S6,B2d,B,H1,22.3
S6-B2d-H2,S6,B2d,B,H2,28.3
S6-B2e-H1,S6,B2e,B,H1,16.4
S6-B2e-H2,S6,B2e,B,H2,26.6
S6-B2f-H1,S6,B2f,B,H1,16.1
S6-B2f-H2,S6,B2f,B,H2,26.7
S6-B2h-H1,S6,B2h,B,H1,15.9
S6-B2h-H2,S6,B2h,B,H2,26.9
S6-B2j-H1,S6,B2j,B,H1,21.4
S6-B2j-H2,S6,B2j,B,H2,27
S6-B2k-H1,S6,B2k,B,H1,23.9
S6-B2k-H2,S6,B2k,B,H2,27.9
S6-B2l-H1,S6,B2l,B,H1,17
S6-B2l-H2,S6,B2l,B,H2,26.1
S6-B2m-H1,S6,B2m,B,H1,18.5
S6-B2m-H2,S6,B2m,B,H2,25.4
S6-B2n-H1,S6,B2n,B,H1,10.6
S6-B2n-H2,S6,B2n,B,H2,25.8
S6-C1a-H1,S6,C1a,C,H1,17.2
S6-C1b-H1,S6,C1b,C,H1,20.4
S6-C1c-H1,S6,C1c,C,H1,11.6
S6-C1d-H1,S6,C1d,C,H1,21.7
S6-C1e-H1,S6,C1e,C,H1,15.5
S6-C1f-H1,S6,C1f,C,H1,14.6
S6-C1h-H1,S6,C1h,C,H1,15.1
S6-C1i-H1,S6,C1i,C,H1,20.2
S6-C1j-H1,S6,C1j,C,H1,20.7
S6-C1k-H1,S6,C1k,C,H1,22.1
S6-C1l-H1,S6,C1l,C,H1,17.6
S6-C1m-H1,S6,C1m,C,H1,18
S6-C1n-H1,S6,C1n,C,H1,9.5
S6-D1a-H1,S6,D1a,D,H1,15.1
S6-D1b-H1,S6,D1b,D,H1,17.8
S6-D1c-H1,S6,D1c,D,H1,9.9
S6-D1d-H1,S6,D1d,D,H1,20.1
S6-D1e-H1,S6,D1e,D,H1,14.2
S6-D1f-H1,S6,D1f,D,H1,13
S6-D1h-H1,S6,D1h,D,H1,13.2
S6-D1j-H1,S6,D1j,D,H1,18.7
S6-D1k-H1,S6,D1k,D,H1,20.4
S6-D1l-H1,S6,D1l,D,H1,16.2
S6-D1m-H1,S6,D1m,D,H1,16.2
S6-D1n-H1,S6,D1n,D,H1,9.9
S6-E1a-H1,S6,E1a,E,H1,19.5
S6-E1b-H1,S6,E1b,E,H1,22.3
S6-E1c-H1,S6,E1c,E,H1,14.2
S6-E1d-H1,S6,E1d,E,H1,24.6
S6-E1e-H1,S6,E1e,E,H1,16.8
S6-E1f-H1,S6,E1f,E,H1,16.6
S6-E1h-H1,S6,E1h,E,H1,17.3
S6-E1i-H1,S6,E1i,E,H1,22.3
S6-E1j-H1,S6,E1j,E,H1,22.1
S6-E1k-H1,S6,E1k,E,H1,24.8
S6-E1l-H1,S6,E1l,E,H1,20.4
S6-E1m-H1,S6,E1m,E,H1,19.8
S6-E1n-H1,S6,E1n,E,H1,12
S6-F1a-H1,S6,F1a,F,H1,16
S6-F1b-H1,S6,F1b,F,H1,18.3
S6-F1c-H1,S6,F1c,F,H1,10.9
S6-F1d-H1,S6,F1d,F,H1,23.1
S6-F1e-H1,S6,F1e,F,H1,15.7
S6-F1f-H1,S6,F1f,F,H1,14.6
S6-F1h-H1,S6,F1h,F,H1,13.8
S6-F1j-H1,S6,F1j,F,H1,19.8
S6-F1k-H1,S6,F1k,F,H1,23
S6-F1l-H1,S6,F1l,F,H1,19.1
S6-F1m-H1,S6,F1m,F,H1,20
S6-F1n-H1,S6,F1n,F,H1,11.4
S6-G1a-H1,S6,G1a,G,H1,17.9
S6-G1b-H1,S6,G1b,G,H1,20.8
S6-G1c-H1,S6,G1c,G,H1,11.6
S6-G1d-H1,S6,G1d,G,H1,25
S6-G1e-H1,S6,G1e,G,H1,16
S6-G1f-H1,S6,G1f,G,H1,15
S6-G1h-H1,S6,G1h,G,H1,15.3
S6-G1i-H1,S6,G1i,G,H1,21
S6-G1j-H1,S6,G1j,G,H1,21
S6-G1k-H1,S6,G1k,G,H1,25.1
S6-G1l-H1,S6,G1l,G,H1,20.3
S6-G1m-H1,S6,G1m,G,H1,21.7
S6-G1n-H1,S6,G1n,G,H1,12.2
S6-H1a-H1,S6,H1a,H,H1,17.3
S6-H1b-H1,S6,H1b,H,H1,19.4
S6-H1c-H1,S6,H1c,H,H1,11.6
S6-H1d-H1,S6,H1d,H,H1,21.1
S6-H1e-H1,S6,H1e,H,H1,15.3
S6-H1f-H1,S6,H1f,H,H1,15.6
S6-H1h-H1,S6,H1h,H,H1,15.4
S6-H1j-H1,S6,H1j,H,H1,19.6
S6-H1k-H1,S6,H1k,H,H1,21.7
S6-H1l-H1,S6,H1l,H,H1,17.4
S6-H1m-H1,S6,H1m,H,H1,17.5
S6-H1n-H1,S6,H1n,H,H1,11.7
S6-I1a-H1,S6,I1a,I,H1,14.4
S6-I1b-H1,S6,I1b,I,H1,18.7
S6-I1c-H1,S6,I1c,I,H1,13.4
S6-I1d-H1,S6,I1d,I,H1,18.6
S6-I1e-H1,S6,I1e,I,H1,15
S6-I1f-H1,S6,I1f,I,H1,15.5
S6-I1h-H1,S6,I1h,I,H1,14.2
S6-I1j-H1,S6,I1j,I,H1,16.9
S6-I1k-H1,S6,I1k,I,H1,17.8
S6-I1l-H1,S6,I1l,I,H1,15.7
S6-I1m-H1,S6,I1m,I,H1,14.4
S6-I1n-H1,S6,I1n,I,H1,13.3
S6-J1a-H1,S6,J1a,J,H1,17
S6-J1b-H1,S6,J1b,J,H1,18.8
S6-J1c-H1,S6,J1c,J,H1,16.2
S6-J1d-H1,S6,J1d,J,H1,19
S6-J1e-H1,S6,J1e,J,H1,17.5
S6-J1f-H1,S6,J1f,J,H1,17.3
S6-J1h-H1,S6,J1h,J,H1,17.2
S6-J1i-H1,S6,J1i,J,H1,17.9
S6-J1j-H1,S6,J1j,J,H1,17.9
S6-J1k-H1,S6,J1k,J,H1,19.7
S6-J1l-H1,S6,J1l,J,H1,18.2
S6-J1m-H1,S6,J1m,J,H1,17.4
S6-J1n-H1,S6,J1n,J,H1,16.3
S6-SI1-H1,S6,SI1,I,H1,12.5
S6-SI2-H1,S6,SI2,I,H1,14.9
S6-SI3-H1,S6,SI3,I,H1,13.6
